Copyright 1986-2020 Xilinx, Inc. All Rights Reserved.
--------------------------------------------------------------------------------------------------------------------------------------------------------------------------------------------------------------
| Tool Version : Vivado v.2020.1 (win64) Build 2902540 Wed May 27 19:54:49 MDT 2020
| Date         : Sat Feb 21 12:04:06 2026
| Host         : CO2041-03 running 64-bit major release  (build 9200)
| Command      : report_timing_summary -max_paths 10 -file MP1BD_wrapper_timing_summary_routed.rpt -pb MP1BD_wrapper_timing_summary_routed.pb -rpx MP1BD_wrapper_timing_summary_routed.rpx -warn_on_violation
| Design       : MP1BD_wrapper
| Device       : 7z020-clg484
| Speed File   : -1  PRODUCTION 1.12 2019-11-22
--------------------------------------------------------------------------------------------------------------------------------------------------------------------------------------------------------------

Timing Summary Report

------------------------------------------------------------------------------------------------
| Timer Settings
| --------------
------------------------------------------------------------------------------------------------

  Enable Multi Corner Analysis               :  Yes
  Enable Pessimism Removal                   :  Yes
  Pessimism Removal Resolution               :  Nearest Common Node
  Enable Input Delay Default Clock           :  No
  Enable Preset / Clear Arcs                 :  No
  Disable Flight Delays                      :  No
  Ignore I/O Paths                           :  No
  Timing Early Launch at Borrowing Latches   :  No
  Borrow Time for Max Delay Exceptions       :  Yes
  Merge Timing Exceptions                    :  Yes

  Corner  Analyze    Analyze    
  Name    Max Paths  Min Paths  
  ------  ---------  ---------  
  Slow    Yes        Yes        
  Fast    Yes        Yes        



check_timing report

Table of Contents
-----------------
1. checking no_clock (0)
2. checking constant_clock (0)
3. checking pulse_width_clock (0)
4. checking unconstrained_internal_endpoints (0)
5. checking no_input_delay (14)
6. checking no_output_delay (1)
7. checking multiple_clock (0)
8. checking generated_clocks (0)
9. checking loops (0)
10. checking partial_input_delay (0)
11. checking partial_output_delay (0)
12. checking latch_loops (0)

1. checking no_clock (0)
------------------------
 There are 0 register/latch pins with no clock.


2. checking constant_clock (0)
------------------------------
 There are 0 register/latch pins with constant_clock.


3. checking pulse_width_clock (0)
---------------------------------
 There are 0 register/latch pins which need pulse_width check


4. checking unconstrained_internal_endpoints (0)
------------------------------------------------
 There are 0 pins that are not constrained for maximum delay.

 There are 0 pins that are not constrained for maximum delay due to constant clock.


5. checking no_input_delay (14)
-------------------------------
 There are 14 input ports with no input delay specified. (HIGH)

 There are 0 input ports with no input delay but user has a false path constraint.


6. checking no_output_delay (1)
-------------------------------
 There is 1 port with no output delay specified. (HIGH)

 There are 0 ports with no output delay but user has a false path constraint

 There are 0 ports with no output delay but with a timing clock defined on it or propagating through it


7. checking multiple_clock (0)
------------------------------
 There are 0 register/latch pins with multiple clocks.


8. checking generated_clocks (0)
--------------------------------
 There are 0 generated clocks that are not connected to a clock source.


9. checking loops (0)
---------------------
 There are 0 combinational loops in the design.


10. checking partial_input_delay (0)
------------------------------------
 There are 0 input ports with partial input delay specified.


11. checking partial_output_delay (0)
-------------------------------------
 There are 0 ports with partial output delay specified.


12. checking latch_loops (0)
----------------------------
 There are 0 combinational latch loops in the design through latch input



------------------------------------------------------------------------------------------------
| Design Timing Summary
| ---------------------
------------------------------------------------------------------------------------------------

    WNS(ns)      TNS(ns)  TNS Failing Endpoints  TNS Total Endpoints      WHS(ns)      THS(ns)  THS Failing Endpoints  THS Total Endpoints     WPWS(ns)     TPWS(ns)  TPWS Failing Endpoints  TPWS Total Endpoints  
    -------      -------  ---------------------  -------------------      -------      -------  ---------------------  -------------------     --------     --------  ----------------------  --------------------  
      2.792        0.000                      0                 4188        0.020        0.000                      0                 4188        4.020        0.000                       0                  1746  


All user specified timing constraints are met.


------------------------------------------------------------------------------------------------
| Clock Summary
| -------------
------------------------------------------------------------------------------------------------

Clock       Waveform(ns)       Period(ns)      Frequency(MHz)
-----       ------------       ----------      --------------
clk_fpga_0  {0.000 5.000}      10.000          100.000         


------------------------------------------------------------------------------------------------
| Intra Clock Table
| -----------------
------------------------------------------------------------------------------------------------

Clock             WNS(ns)      TNS(ns)  TNS Failing Endpoints  TNS Total Endpoints      WHS(ns)      THS(ns)  THS Failing Endpoints  THS Total Endpoints     WPWS(ns)     TPWS(ns)  TPWS Failing Endpoints  TPWS Total Endpoints  
-----             -------      -------  ---------------------  -------------------      -------      -------  ---------------------  -------------------     --------     --------  ----------------------  --------------------  
clk_fpga_0          2.792        0.000                      0                 4188        0.020        0.000                      0                 4188        4.020        0.000                       0                  1746  


------------------------------------------------------------------------------------------------
| Inter Clock Table
| -----------------
------------------------------------------------------------------------------------------------

From Clock    To Clock          WNS(ns)      TNS(ns)  TNS Failing Endpoints  TNS Total Endpoints      WHS(ns)      THS(ns)  THS Failing Endpoints  THS Total Endpoints  
----------    --------          -------      -------  ---------------------  -------------------      -------      -------  ---------------------  -------------------  


------------------------------------------------------------------------------------------------
| Other Path Groups Table
| -----------------------
------------------------------------------------------------------------------------------------

Path Group    From Clock    To Clock          WNS(ns)      TNS(ns)  TNS Failing Endpoints  TNS Total Endpoints      WHS(ns)      THS(ns)  THS Failing Endpoints  THS Total Endpoints  
----------    ----------    --------          -------      -------  ---------------------  -------------------      -------      -------  ---------------------  -------------------  


------------------------------------------------------------------------------------------------
| Timing Details
| --------------
------------------------------------------------------------------------------------------------


---------------------------------------------------------------------------------------------------
From Clock:  clk_fpga_0
  To Clock:  clk_fpga_0

Setup :            0  Failing Endpoints,  Worst Slack        2.792ns,  Total Violation        0.000ns
Hold  :            0  Failing Endpoints,  Worst Slack        0.020ns,  Total Violation        0.000ns
PW    :            0  Failing Endpoints,  Worst Slack        4.020ns,  Total Violation        0.000ns
---------------------------------------------------------------------------------------------------


Max Delay Paths
--------------------------------------------------------------------------------------
Slack (MET) :             2.792ns  (required time - arrival time)
  Source:                 MP1BD_i/axi_ppm_0/U0/axi_ppm_v1_0_S00_AXI_inst/generation_channel_counter_reg[1]/C
                            (rising edge-triggered cell FDRE clocked by clk_fpga_0  {rise@0.000ns fall@5.000ns period=10.000ns})
  Destination:            MP1BD_i/axi_ppm_0/U0/axi_ppm_v1_0_S00_AXI_inst/generation_channel_counter_reg[2]/D
                            (rising edge-triggered cell FDRE clocked by clk_fpga_0  {rise@0.000ns fall@5.000ns period=10.000ns})
  Path Group:             clk_fpga_0
  Path Type:              Setup (Max at Slow Process Corner)
  Requirement:            10.000ns  (clk_fpga_0 rise@10.000ns - clk_fpga_0 rise@0.000ns)
  Data Path Delay:        7.061ns  (logic 2.257ns (31.966%)  route 4.804ns (68.034%))
  Logic Levels:           7  (CARRY4=2 LUT2=1 LUT3=1 LUT6=3)
  Clock Path Skew:        -0.022ns (DCD - SCD + CPR)
    Destination Clock Delay (DCD):    2.654ns = ( 12.654 - 10.000 ) 
    Source Clock Delay      (SCD):    2.942ns
    Clock Pessimism Removal (CPR):    0.266ns
  Clock Uncertainty:      0.154ns  ((TSJ^2 + TIJ^2)^1/2 + DJ) / 2 + PE
    Total System Jitter     (TSJ):    0.071ns
    Total Input Jitter      (TIJ):    0.300ns
    Discrete Jitter          (DJ):    0.000ns
    Phase Error              (PE):    0.000ns

    Location             Delay type                Incr(ns)  Path(ns)    Netlist Resource(s)
  -------------------------------------------------------------------    -------------------
                         (clock clk_fpga_0 rise edge)
                                                      0.000     0.000 r  
    PS7_X0Y0             PS7                          0.000     0.000 r  MP1BD_i/processing_system7_0/inst/PS7_i/FCLKCLK[0]
                         net (fo=1, routed)           1.193     1.193    MP1BD_i/processing_system7_0/inst/FCLK_CLK_unbuffered[0]
    BUFGCTRL_X0Y16       BUFG (Prop_bufg_I_O)         0.101     1.294 r  MP1BD_i/processing_system7_0/inst/buffer_fclk_clk_0.FCLK_CLK_0_BUFG/O
                         net (fo=1746, routed)        1.648     2.942    MP1BD_i/axi_ppm_0/U0/axi_ppm_v1_0_S00_AXI_inst/s00_axi_aclk
    SLICE_X49Y89         FDRE                                         r  MP1BD_i/axi_ppm_0/U0/axi_ppm_v1_0_S00_AXI_inst/generation_channel_counter_reg[1]/C
  -------------------------------------------------------------------    -------------------
    SLICE_X49Y89         FDRE (Prop_fdre_C_Q)         0.456     3.398 r  MP1BD_i/axi_ppm_0/U0/axi_ppm_v1_0_S00_AXI_inst/generation_channel_counter_reg[1]/Q
                         net (fo=23, routed)          1.635     5.033    MP1BD_i/axi_ppm_0/U0/axi_ppm_v1_0_S00_AXI_inst/generation_channel_counter[1]
    SLICE_X47Y99         LUT6 (Prop_lut6_I2_O)        0.124     5.157 r  MP1BD_i/axi_ppm_0/U0/axi_ppm_v1_0_S00_AXI_inst/generation_state1_carry__0_i_12/O
                         net (fo=1, routed)           0.403     5.560    MP1BD_i/axi_ppm_0/U0/axi_ppm_v1_0_S00_AXI_inst/generation_state1_carry__0_i_12_n_0
    SLICE_X47Y99         LUT6 (Prop_lut6_I1_O)        0.124     5.684 f  MP1BD_i/axi_ppm_0/U0/axi_ppm_v1_0_S00_AXI_inst/generation_state1_carry__0_i_6/O
                         net (fo=1, routed)           1.161     6.845    MP1BD_i/axi_ppm_0/U0/axi_ppm_v1_0_S00_AXI_inst/generation_state1_carry__0_i_6_n_0
    SLICE_X46Y94         LUT3 (Prop_lut3_I1_O)        0.124     6.969 r  MP1BD_i/axi_ppm_0/U0/axi_ppm_v1_0_S00_AXI_inst/generation_state1_carry__0_i_3/O
                         net (fo=1, routed)           0.000     6.969    MP1BD_i/axi_ppm_0/U0/axi_ppm_v1_0_S00_AXI_inst/generation_state1_carry__0_i_3_n_0
    SLICE_X46Y94         CARRY4 (Prop_carry4_S[1]_CO[3])
                                                      0.533     7.502 r  MP1BD_i/axi_ppm_0/U0/axi_ppm_v1_0_S00_AXI_inst/generation_state1_carry__0/CO[3]
                         net (fo=1, routed)           0.000     7.502    MP1BD_i/axi_ppm_0/U0/axi_ppm_v1_0_S00_AXI_inst/generation_state1_carry__0_n_0
    SLICE_X46Y95         CARRY4 (Prop_carry4_CI_CO[2])
                                                      0.229     7.731 f  MP1BD_i/axi_ppm_0/U0/axi_ppm_v1_0_S00_AXI_inst/generation_state1_carry__1/CO[2]
                         net (fo=37, routed)          1.155     8.886    MP1BD_i/axi_ppm_0/U0/axi_ppm_v1_0_S00_AXI_inst/generation_state1_carry__1_n_1
    SLICE_X48Y89         LUT2 (Prop_lut2_I0_O)        0.335     9.221 r  MP1BD_i/axi_ppm_0/U0/axi_ppm_v1_0_S00_AXI_inst/generation_channel_counter[2]_i_2/O
                         net (fo=1, routed)           0.450     9.671    MP1BD_i/axi_ppm_0/U0/axi_ppm_v1_0_S00_AXI_inst/generation_channel_counter[2]_i_2_n_0
    SLICE_X48Y89         LUT6 (Prop_lut6_I2_O)        0.332    10.003 r  MP1BD_i/axi_ppm_0/U0/axi_ppm_v1_0_S00_AXI_inst/generation_channel_counter[2]_i_1/O
                         net (fo=1, routed)           0.000    10.003    MP1BD_i/axi_ppm_0/U0/axi_ppm_v1_0_S00_AXI_inst/generation_channel_counter[2]_i_1_n_0
    SLICE_X48Y89         FDRE                                         r  MP1BD_i/axi_ppm_0/U0/axi_ppm_v1_0_S00_AXI_inst/generation_channel_counter_reg[2]/D
  -------------------------------------------------------------------    -------------------

                         (clock clk_fpga_0 rise edge)
                                                     10.000    10.000 r  
    PS7_X0Y0             PS7                          0.000    10.000 r  MP1BD_i/processing_system7_0/inst/PS7_i/FCLKCLK[0]
                         net (fo=1, routed)           1.088    11.088    MP1BD_i/processing_system7_0/inst/FCLK_CLK_unbuffered[0]
    BUFGCTRL_X0Y16       BUFG (Prop_bufg_I_O)         0.091    11.179 r  MP1BD_i/processing_system7_0/inst/buffer_fclk_clk_0.FCLK_CLK_0_BUFG/O
                         net (fo=1746, routed)        1.475    12.654    MP1BD_i/axi_ppm_0/U0/axi_ppm_v1_0_S00_AXI_inst/s00_axi_aclk
    SLICE_X48Y89         FDRE                                         r  MP1BD_i/axi_ppm_0/U0/axi_ppm_v1_0_S00_AXI_inst/generation_channel_counter_reg[2]/C
                         clock pessimism              0.266    12.920    
                         clock uncertainty           -0.154    12.766    
    SLICE_X48Y89         FDRE (Setup_fdre_C_D)        0.029    12.795    MP1BD_i/axi_ppm_0/U0/axi_ppm_v1_0_S00_AXI_inst/generation_channel_counter_reg[2]
  -------------------------------------------------------------------
                         required time                         12.795    
                         arrival time                         -10.003    
  -------------------------------------------------------------------
                         slack                                  2.792    

Slack (MET) :             3.498ns  (required time - arrival time)
  Source:                 MP1BD_i/processing_system7_0/inst/PS7_i/MAXIGP0ACLK
                            (rising edge-triggered cell PS7 clocked by clk_fpga_0  {rise@0.000ns fall@5.000ns period=10.000ns})
  Destination:            MP1BD_i/axi_ppm_0/U0/axi_ppm_v1_0_S00_AXI_inst/slv_reg5_reg[0]/CE
                            (rising edge-triggered cell FDRE clocked by clk_fpga_0  {rise@0.000ns fall@5.000ns period=10.000ns})
  Path Group:             clk_fpga_0
  Path Type:              Setup (Max at Slow Process Corner)
  Requirement:            10.000ns  (clk_fpga_0 rise@10.000ns - clk_fpga_0 rise@0.000ns)
  Data Path Delay:        5.996ns  (logic 1.934ns (32.255%)  route 4.062ns (67.745%))
  Logic Levels:           3  (LUT4=1 LUT5=1 LUT6=1)
  Clock Path Skew:        -0.147ns (DCD - SCD + CPR)
    Destination Clock Delay (DCD):    2.655ns = ( 12.655 - 10.000 ) 
    Source Clock Delay      (SCD):    3.031ns
    Clock Pessimism Removal (CPR):    0.229ns
  Clock Uncertainty:      0.154ns  ((TSJ^2 + TIJ^2)^1/2 + DJ) / 2 + PE
    Total System Jitter     (TSJ):    0.071ns
    Total Input Jitter      (TIJ):    0.300ns
    Discrete Jitter          (DJ):    0.000ns
    Phase Error              (PE):    0.000ns

    Location             Delay type                Incr(ns)  Path(ns)    Netlist Resource(s)
  -------------------------------------------------------------------    -------------------
                         (clock clk_fpga_0 rise edge)
                                                      0.000     0.000 r  
    PS7_X0Y0             PS7                          0.000     0.000 r  MP1BD_i/processing_system7_0/inst/PS7_i/FCLKCLK[0]
                         net (fo=1, routed)           1.193     1.193    MP1BD_i/processing_system7_0/inst/FCLK_CLK_unbuffered[0]
    BUFGCTRL_X0Y16       BUFG (Prop_bufg_I_O)         0.101     1.294 r  MP1BD_i/processing_system7_0/inst/buffer_fclk_clk_0.FCLK_CLK_0_BUFG/O
                         net (fo=1746, routed)        1.737     3.031    MP1BD_i/processing_system7_0/inst/M_AXI_GP0_ACLK
    PS7_X0Y0             PS7                                          r  MP1BD_i/processing_system7_0/inst/PS7_i/MAXIGP0ACLK
  -------------------------------------------------------------------    -------------------
    PS7_X0Y0             PS7 (Prop_ps7_MAXIGP0ACLK_MAXIGP0WVALID)
                                                      1.334     4.365 r  MP1BD_i/processing_system7_0/inst/PS7_i/MAXIGP0WVALID
                         net (fo=8, routed)           1.771     6.136    MP1BD_i/ps7_0_axi_periph/xbar/inst/gen_sasd.crossbar_sasd_0/addr_arbiter_inst/s_axi_wvalid[0]
    SLICE_X38Y97         LUT5 (Prop_lut5_I1_O)        0.124     6.260 r  MP1BD_i/ps7_0_axi_periph/xbar/inst/gen_sasd.crossbar_sasd_0/addr_arbiter_inst/m_axi_wvalid[0]_INST_0/O
                         net (fo=5, routed)           0.716     6.976    MP1BD_i/axi_ppm_0/U0/axi_ppm_v1_0_S00_AXI_inst/s00_axi_wvalid
    SLICE_X39Y97         LUT4 (Prop_lut4_I3_O)        0.150     7.126 r  MP1BD_i/axi_ppm_0/U0/axi_ppm_v1_0_S00_AXI_inst/slv_reg0[31]_i_2/O
                         net (fo=28, routed)          0.890     8.016    MP1BD_i/axi_ppm_0/U0/axi_ppm_v1_0_S00_AXI_inst/slv_reg_wren__2
    SLICE_X43Y91         LUT6 (Prop_lut6_I0_O)        0.326     8.342 r  MP1BD_i/axi_ppm_0/U0/axi_ppm_v1_0_S00_AXI_inst/slv_reg5[7]_i_1/O
                         net (fo=8, routed)           0.685     9.027    MP1BD_i/axi_ppm_0/U0/axi_ppm_v1_0_S00_AXI_inst/slv_reg5[7]_i_1_n_0
    SLICE_X41Y88         FDRE                                         r  MP1BD_i/axi_ppm_0/U0/axi_ppm_v1_0_S00_AXI_inst/slv_reg5_reg[0]/CE
  -------------------------------------------------------------------    -------------------

                         (clock clk_fpga_0 rise edge)
                                                     10.000    10.000 r  
    PS7_X0Y0             PS7                          0.000    10.000 r  MP1BD_i/processing_system7_0/inst/PS7_i/FCLKCLK[0]
                         net (fo=1, routed)           1.088    11.088    MP1BD_i/processing_system7_0/inst/FCLK_CLK_unbuffered[0]
    BUFGCTRL_X0Y16       BUFG (Prop_bufg_I_O)         0.091    11.179 r  MP1BD_i/processing_system7_0/inst/buffer_fclk_clk_0.FCLK_CLK_0_BUFG/O
                         net (fo=1746, routed)        1.476    12.655    MP1BD_i/axi_ppm_0/U0/axi_ppm_v1_0_S00_AXI_inst/s00_axi_aclk
    SLICE_X41Y88         FDRE                                         r  MP1BD_i/axi_ppm_0/U0/axi_ppm_v1_0_S00_AXI_inst/slv_reg5_reg[0]/C
                         clock pessimism              0.229    12.884    
                         clock uncertainty           -0.154    12.730    
    SLICE_X41Y88         FDRE (Setup_fdre_C_CE)      -0.205    12.525    MP1BD_i/axi_ppm_0/U0/axi_ppm_v1_0_S00_AXI_inst/slv_reg5_reg[0]
  -------------------------------------------------------------------
                         required time                         12.525    
                         arrival time                          -9.027    
  -------------------------------------------------------------------
                         slack                                  3.498    

Slack (MET) :             3.546ns  (required time - arrival time)
  Source:                 MP1BD_i/processing_system7_0/inst/PS7_i/MAXIGP0ACLK
                            (rising edge-triggered cell PS7 clocked by clk_fpga_0  {rise@0.000ns fall@5.000ns period=10.000ns})
  Destination:            MP1BD_i/axi_ppm_0/U0/axi_ppm_v1_0_S00_AXI_inst/slv_reg5_reg[1]/CE
                            (rising edge-triggered cell FDRE clocked by clk_fpga_0  {rise@0.000ns fall@5.000ns period=10.000ns})
  Path Group:             clk_fpga_0
  Path Type:              Setup (Max at Slow Process Corner)
  Requirement:            10.000ns  (clk_fpga_0 rise@10.000ns - clk_fpga_0 rise@0.000ns)
  Data Path Delay:        5.950ns  (logic 1.934ns (32.505%)  route 4.016ns (67.495%))
  Logic Levels:           3  (LUT4=1 LUT5=1 LUT6=1)
  Clock Path Skew:        -0.145ns (DCD - SCD + CPR)
    Destination Clock Delay (DCD):    2.657ns = ( 12.657 - 10.000 ) 
    Source Clock Delay      (SCD):    3.031ns
    Clock Pessimism Removal (CPR):    0.229ns
  Clock Uncertainty:      0.154ns  ((TSJ^2 + TIJ^2)^1/2 + DJ) / 2 + PE
    Total System Jitter     (TSJ):    0.071ns
    Total Input Jitter      (TIJ):    0.300ns
    Discrete Jitter          (DJ):    0.000ns
    Phase Error              (PE):    0.000ns

    Location             Delay type                Incr(ns)  Path(ns)    Netlist Resource(s)
  -------------------------------------------------------------------    -------------------
                         (clock clk_fpga_0 rise edge)
                                                      0.000     0.000 r  
    PS7_X0Y0             PS7                          0.000     0.000 r  MP1BD_i/processing_system7_0/inst/PS7_i/FCLKCLK[0]
                         net (fo=1, routed)           1.193     1.193    MP1BD_i/processing_system7_0/inst/FCLK_CLK_unbuffered[0]
    BUFGCTRL_X0Y16       BUFG (Prop_bufg_I_O)         0.101     1.294 r  MP1BD_i/processing_system7_0/inst/buffer_fclk_clk_0.FCLK_CLK_0_BUFG/O
                         net (fo=1746, routed)        1.737     3.031    MP1BD_i/processing_system7_0/inst/M_AXI_GP0_ACLK
    PS7_X0Y0             PS7                                          r  MP1BD_i/processing_system7_0/inst/PS7_i/MAXIGP0ACLK
  -------------------------------------------------------------------    -------------------
    PS7_X0Y0             PS7 (Prop_ps7_MAXIGP0ACLK_MAXIGP0WVALID)
                                                      1.334     4.365 r  MP1BD_i/processing_system7_0/inst/PS7_i/MAXIGP0WVALID
                         net (fo=8, routed)           1.771     6.136    MP1BD_i/ps7_0_axi_periph/xbar/inst/gen_sasd.crossbar_sasd_0/addr_arbiter_inst/s_axi_wvalid[0]
    SLICE_X38Y97         LUT5 (Prop_lut5_I1_O)        0.124     6.260 r  MP1BD_i/ps7_0_axi_periph/xbar/inst/gen_sasd.crossbar_sasd_0/addr_arbiter_inst/m_axi_wvalid[0]_INST_0/O
                         net (fo=5, routed)           0.716     6.976    MP1BD_i/axi_ppm_0/U0/axi_ppm_v1_0_S00_AXI_inst/s00_axi_wvalid
    SLICE_X39Y97         LUT4 (Prop_lut4_I3_O)        0.150     7.126 r  MP1BD_i/axi_ppm_0/U0/axi_ppm_v1_0_S00_AXI_inst/slv_reg0[31]_i_2/O
                         net (fo=28, routed)          0.890     8.016    MP1BD_i/axi_ppm_0/U0/axi_ppm_v1_0_S00_AXI_inst/slv_reg_wren__2
    SLICE_X43Y91         LUT6 (Prop_lut6_I0_O)        0.326     8.342 r  MP1BD_i/axi_ppm_0/U0/axi_ppm_v1_0_S00_AXI_inst/slv_reg5[7]_i_1/O
                         net (fo=8, routed)           0.639     8.981    MP1BD_i/axi_ppm_0/U0/axi_ppm_v1_0_S00_AXI_inst/slv_reg5[7]_i_1_n_0
    SLICE_X43Y91         FDRE                                         r  MP1BD_i/axi_ppm_0/U0/axi_ppm_v1_0_S00_AXI_inst/slv_reg5_reg[1]/CE
  -------------------------------------------------------------------    -------------------

                         (clock clk_fpga_0 rise edge)
                                                     10.000    10.000 r  
    PS7_X0Y0             PS7                          0.000    10.000 r  MP1BD_i/processing_system7_0/inst/PS7_i/FCLKCLK[0]
                         net (fo=1, routed)           1.088    11.088    MP1BD_i/processing_system7_0/inst/FCLK_CLK_unbuffered[0]
    BUFGCTRL_X0Y16       BUFG (Prop_bufg_I_O)         0.091    11.179 r  MP1BD_i/processing_system7_0/inst/buffer_fclk_clk_0.FCLK_CLK_0_BUFG/O
                         net (fo=1746, routed)        1.478    12.657    MP1BD_i/axi_ppm_0/U0/axi_ppm_v1_0_S00_AXI_inst/s00_axi_aclk
    SLICE_X43Y91         FDRE                                         r  MP1BD_i/axi_ppm_0/U0/axi_ppm_v1_0_S00_AXI_inst/slv_reg5_reg[1]/C
                         clock pessimism              0.229    12.886    
                         clock uncertainty           -0.154    12.732    
    SLICE_X43Y91         FDRE (Setup_fdre_C_CE)      -0.205    12.527    MP1BD_i/axi_ppm_0/U0/axi_ppm_v1_0_S00_AXI_inst/slv_reg5_reg[1]
  -------------------------------------------------------------------
                         required time                         12.527    
                         arrival time                          -8.981    
  -------------------------------------------------------------------
                         slack                                  3.546    

Slack (MET) :             3.546ns  (required time - arrival time)
  Source:                 MP1BD_i/processing_system7_0/inst/PS7_i/MAXIGP0ACLK
                            (rising edge-triggered cell PS7 clocked by clk_fpga_0  {rise@0.000ns fall@5.000ns period=10.000ns})
  Destination:            MP1BD_i/axi_ppm_0/U0/axi_ppm_v1_0_S00_AXI_inst/slv_reg5_reg[2]/CE
                            (rising edge-triggered cell FDRE clocked by clk_fpga_0  {rise@0.000ns fall@5.000ns period=10.000ns})
  Path Group:             clk_fpga_0
  Path Type:              Setup (Max at Slow Process Corner)
  Requirement:            10.000ns  (clk_fpga_0 rise@10.000ns - clk_fpga_0 rise@0.000ns)
  Data Path Delay:        5.950ns  (logic 1.934ns (32.505%)  route 4.016ns (67.495%))
  Logic Levels:           3  (LUT4=1 LUT5=1 LUT6=1)
  Clock Path Skew:        -0.145ns (DCD - SCD + CPR)
    Destination Clock Delay (DCD):    2.657ns = ( 12.657 - 10.000 ) 
    Source Clock Delay      (SCD):    3.031ns
    Clock Pessimism Removal (CPR):    0.229ns
  Clock Uncertainty:      0.154ns  ((TSJ^2 + TIJ^2)^1/2 + DJ) / 2 + PE
    Total System Jitter     (TSJ):    0.071ns
    Total Input Jitter      (TIJ):    0.300ns
    Discrete Jitter          (DJ):    0.000ns
    Phase Error              (PE):    0.000ns

    Location             Delay type                Incr(ns)  Path(ns)    Netlist Resource(s)
  -------------------------------------------------------------------    -------------------
                         (clock clk_fpga_0 rise edge)
                                                      0.000     0.000 r  
    PS7_X0Y0             PS7                          0.000     0.000 r  MP1BD_i/processing_system7_0/inst/PS7_i/FCLKCLK[0]
                         net (fo=1, routed)           1.193     1.193    MP1BD_i/processing_system7_0/inst/FCLK_CLK_unbuffered[0]
    BUFGCTRL_X0Y16       BUFG (Prop_bufg_I_O)         0.101     1.294 r  MP1BD_i/processing_system7_0/inst/buffer_fclk_clk_0.FCLK_CLK_0_BUFG/O
                         net (fo=1746, routed)        1.737     3.031    MP1BD_i/processing_system7_0/inst/M_AXI_GP0_ACLK
    PS7_X0Y0             PS7                                          r  MP1BD_i/processing_system7_0/inst/PS7_i/MAXIGP0ACLK
  -------------------------------------------------------------------    -------------------
    PS7_X0Y0             PS7 (Prop_ps7_MAXIGP0ACLK_MAXIGP0WVALID)
                                                      1.334     4.365 r  MP1BD_i/processing_system7_0/inst/PS7_i/MAXIGP0WVALID
                         net (fo=8, routed)           1.771     6.136    MP1BD_i/ps7_0_axi_periph/xbar/inst/gen_sasd.crossbar_sasd_0/addr_arbiter_inst/s_axi_wvalid[0]
    SLICE_X38Y97         LUT5 (Prop_lut5_I1_O)        0.124     6.260 r  MP1BD_i/ps7_0_axi_periph/xbar/inst/gen_sasd.crossbar_sasd_0/addr_arbiter_inst/m_axi_wvalid[0]_INST_0/O
                         net (fo=5, routed)           0.716     6.976    MP1BD_i/axi_ppm_0/U0/axi_ppm_v1_0_S00_AXI_inst/s00_axi_wvalid
    SLICE_X39Y97         LUT4 (Prop_lut4_I3_O)        0.150     7.126 r  MP1BD_i/axi_ppm_0/U0/axi_ppm_v1_0_S00_AXI_inst/slv_reg0[31]_i_2/O
                         net (fo=28, routed)          0.890     8.016    MP1BD_i/axi_ppm_0/U0/axi_ppm_v1_0_S00_AXI_inst/slv_reg_wren__2
    SLICE_X43Y91         LUT6 (Prop_lut6_I0_O)        0.326     8.342 r  MP1BD_i/axi_ppm_0/U0/axi_ppm_v1_0_S00_AXI_inst/slv_reg5[7]_i_1/O
                         net (fo=8, routed)           0.639     8.981    MP1BD_i/axi_ppm_0/U0/axi_ppm_v1_0_S00_AXI_inst/slv_reg5[7]_i_1_n_0
    SLICE_X43Y91         FDRE                                         r  MP1BD_i/axi_ppm_0/U0/axi_ppm_v1_0_S00_AXI_inst/slv_reg5_reg[2]/CE
  -------------------------------------------------------------------    -------------------

                         (clock clk_fpga_0 rise edge)
                                                     10.000    10.000 r  
    PS7_X0Y0             PS7                          0.000    10.000 r  MP1BD_i/processing_system7_0/inst/PS7_i/FCLKCLK[0]
                         net (fo=1, routed)           1.088    11.088    MP1BD_i/processing_system7_0/inst/FCLK_CLK_unbuffered[0]
    BUFGCTRL_X0Y16       BUFG (Prop_bufg_I_O)         0.091    11.179 r  MP1BD_i/processing_system7_0/inst/buffer_fclk_clk_0.FCLK_CLK_0_BUFG/O
                         net (fo=1746, routed)        1.478    12.657    MP1BD_i/axi_ppm_0/U0/axi_ppm_v1_0_S00_AXI_inst/s00_axi_aclk
    SLICE_X43Y91         FDRE                                         r  MP1BD_i/axi_ppm_0/U0/axi_ppm_v1_0_S00_AXI_inst/slv_reg5_reg[2]/C
                         clock pessimism              0.229    12.886    
                         clock uncertainty           -0.154    12.732    
    SLICE_X43Y91         FDRE (Setup_fdre_C_CE)      -0.205    12.527    MP1BD_i/axi_ppm_0/U0/axi_ppm_v1_0_S00_AXI_inst/slv_reg5_reg[2]
  -------------------------------------------------------------------
                         required time                         12.527    
                         arrival time                          -8.981    
  -------------------------------------------------------------------
                         slack                                  3.546    

Slack (MET) :             3.546ns  (required time - arrival time)
  Source:                 MP1BD_i/processing_system7_0/inst/PS7_i/MAXIGP0ACLK
                            (rising edge-triggered cell PS7 clocked by clk_fpga_0  {rise@0.000ns fall@5.000ns period=10.000ns})
  Destination:            MP1BD_i/axi_ppm_0/U0/axi_ppm_v1_0_S00_AXI_inst/slv_reg5_reg[3]/CE
                            (rising edge-triggered cell FDRE clocked by clk_fpga_0  {rise@0.000ns fall@5.000ns period=10.000ns})
  Path Group:             clk_fpga_0
  Path Type:              Setup (Max at Slow Process Corner)
  Requirement:            10.000ns  (clk_fpga_0 rise@10.000ns - clk_fpga_0 rise@0.000ns)
  Data Path Delay:        5.950ns  (logic 1.934ns (32.505%)  route 4.016ns (67.495%))
  Logic Levels:           3  (LUT4=1 LUT5=1 LUT6=1)
  Clock Path Skew:        -0.145ns (DCD - SCD + CPR)
    Destination Clock Delay (DCD):    2.657ns = ( 12.657 - 10.000 ) 
    Source Clock Delay      (SCD):    3.031ns
    Clock Pessimism Removal (CPR):    0.229ns
  Clock Uncertainty:      0.154ns  ((TSJ^2 + TIJ^2)^1/2 + DJ) / 2 + PE
    Total System Jitter     (TSJ):    0.071ns
    Total Input Jitter      (TIJ):    0.300ns
    Discrete Jitter          (DJ):    0.000ns
    Phase Error              (PE):    0.000ns

    Location             Delay type                Incr(ns)  Path(ns)    Netlist Resource(s)
  -------------------------------------------------------------------    -------------------
                         (clock clk_fpga_0 rise edge)
                                                      0.000     0.000 r  
    PS7_X0Y0             PS7                          0.000     0.000 r  MP1BD_i/processing_system7_0/inst/PS7_i/FCLKCLK[0]
                         net (fo=1, routed)           1.193     1.193    MP1BD_i/processing_system7_0/inst/FCLK_CLK_unbuffered[0]
    BUFGCTRL_X0Y16       BUFG (Prop_bufg_I_O)         0.101     1.294 r  MP1BD_i/processing_system7_0/inst/buffer_fclk_clk_0.FCLK_CLK_0_BUFG/O
                         net (fo=1746, routed)        1.737     3.031    MP1BD_i/processing_system7_0/inst/M_AXI_GP0_ACLK
    PS7_X0Y0             PS7                                          r  MP1BD_i/processing_system7_0/inst/PS7_i/MAXIGP0ACLK
  -------------------------------------------------------------------    -------------------
    PS7_X0Y0             PS7 (Prop_ps7_MAXIGP0ACLK_MAXIGP0WVALID)
                                                      1.334     4.365 r  MP1BD_i/processing_system7_0/inst/PS7_i/MAXIGP0WVALID
                         net (fo=8, routed)           1.771     6.136    MP1BD_i/ps7_0_axi_periph/xbar/inst/gen_sasd.crossbar_sasd_0/addr_arbiter_inst/s_axi_wvalid[0]
    SLICE_X38Y97         LUT5 (Prop_lut5_I1_O)        0.124     6.260 r  MP1BD_i/ps7_0_axi_periph/xbar/inst/gen_sasd.crossbar_sasd_0/addr_arbiter_inst/m_axi_wvalid[0]_INST_0/O
                         net (fo=5, routed)           0.716     6.976    MP1BD_i/axi_ppm_0/U0/axi_ppm_v1_0_S00_AXI_inst/s00_axi_wvalid
    SLICE_X39Y97         LUT4 (Prop_lut4_I3_O)        0.150     7.126 r  MP1BD_i/axi_ppm_0/U0/axi_ppm_v1_0_S00_AXI_inst/slv_reg0[31]_i_2/O
                         net (fo=28, routed)          0.890     8.016    MP1BD_i/axi_ppm_0/U0/axi_ppm_v1_0_S00_AXI_inst/slv_reg_wren__2
    SLICE_X43Y91         LUT6 (Prop_lut6_I0_O)        0.326     8.342 r  MP1BD_i/axi_ppm_0/U0/axi_ppm_v1_0_S00_AXI_inst/slv_reg5[7]_i_1/O
                         net (fo=8, routed)           0.639     8.981    MP1BD_i/axi_ppm_0/U0/axi_ppm_v1_0_S00_AXI_inst/slv_reg5[7]_i_1_n_0
    SLICE_X43Y91         FDRE                                         r  MP1BD_i/axi_ppm_0/U0/axi_ppm_v1_0_S00_AXI_inst/slv_reg5_reg[3]/CE
  -------------------------------------------------------------------    -------------------

                         (clock clk_fpga_0 rise edge)
                                                     10.000    10.000 r  
    PS7_X0Y0             PS7                          0.000    10.000 r  MP1BD_i/processing_system7_0/inst/PS7_i/FCLKCLK[0]
                         net (fo=1, routed)           1.088    11.088    MP1BD_i/processing_system7_0/inst/FCLK_CLK_unbuffered[0]
    BUFGCTRL_X0Y16       BUFG (Prop_bufg_I_O)         0.091    11.179 r  MP1BD_i/processing_system7_0/inst/buffer_fclk_clk_0.FCLK_CLK_0_BUFG/O
                         net (fo=1746, routed)        1.478    12.657    MP1BD_i/axi_ppm_0/U0/axi_ppm_v1_0_S00_AXI_inst/s00_axi_aclk
    SLICE_X43Y91         FDRE                                         r  MP1BD_i/axi_ppm_0/U0/axi_ppm_v1_0_S00_AXI_inst/slv_reg5_reg[3]/C
                         clock pessimism              0.229    12.886    
                         clock uncertainty           -0.154    12.732    
    SLICE_X43Y91         FDRE (Setup_fdre_C_CE)      -0.205    12.527    MP1BD_i/axi_ppm_0/U0/axi_ppm_v1_0_S00_AXI_inst/slv_reg5_reg[3]
  -------------------------------------------------------------------
                         required time                         12.527    
                         arrival time                          -8.981    
  -------------------------------------------------------------------
                         slack                                  3.546    

Slack (MET) :             3.546ns  (required time - arrival time)
  Source:                 MP1BD_i/processing_system7_0/inst/PS7_i/MAXIGP0ACLK
                            (rising edge-triggered cell PS7 clocked by clk_fpga_0  {rise@0.000ns fall@5.000ns period=10.000ns})
  Destination:            MP1BD_i/axi_ppm_0/U0/axi_ppm_v1_0_S00_AXI_inst/slv_reg5_reg[4]/CE
                            (rising edge-triggered cell FDRE clocked by clk_fpga_0  {rise@0.000ns fall@5.000ns period=10.000ns})
  Path Group:             clk_fpga_0
  Path Type:              Setup (Max at Slow Process Corner)
  Requirement:            10.000ns  (clk_fpga_0 rise@10.000ns - clk_fpga_0 rise@0.000ns)
  Data Path Delay:        5.950ns  (logic 1.934ns (32.505%)  route 4.016ns (67.495%))
  Logic Levels:           3  (LUT4=1 LUT5=1 LUT6=1)
  Clock Path Skew:        -0.145ns (DCD - SCD + CPR)
    Destination Clock Delay (DCD):    2.657ns = ( 12.657 - 10.000 ) 
    Source Clock Delay      (SCD):    3.031ns
    Clock Pessimism Removal (CPR):    0.229ns
  Clock Uncertainty:      0.154ns  ((TSJ^2 + TIJ^2)^1/2 + DJ) / 2 + PE
    Total System Jitter     (TSJ):    0.071ns
    Total Input Jitter      (TIJ):    0.300ns
    Discrete Jitter          (DJ):    0.000ns
    Phase Error              (PE):    0.000ns

    Location             Delay type                Incr(ns)  Path(ns)    Netlist Resource(s)
  -------------------------------------------------------------------    -------------------
                         (clock clk_fpga_0 rise edge)
                                                      0.000     0.000 r  
    PS7_X0Y0             PS7                          0.000     0.000 r  MP1BD_i/processing_system7_0/inst/PS7_i/FCLKCLK[0]
                         net (fo=1, routed)           1.193     1.193    MP1BD_i/processing_system7_0/inst/FCLK_CLK_unbuffered[0]
    BUFGCTRL_X0Y16       BUFG (Prop_bufg_I_O)         0.101     1.294 r  MP1BD_i/processing_system7_0/inst/buffer_fclk_clk_0.FCLK_CLK_0_BUFG/O
                         net (fo=1746, routed)        1.737     3.031    MP1BD_i/processing_system7_0/inst/M_AXI_GP0_ACLK
    PS7_X0Y0             PS7                                          r  MP1BD_i/processing_system7_0/inst/PS7_i/MAXIGP0ACLK
  -------------------------------------------------------------------    -------------------
    PS7_X0Y0             PS7 (Prop_ps7_MAXIGP0ACLK_MAXIGP0WVALID)
                                                      1.334     4.365 r  MP1BD_i/processing_system7_0/inst/PS7_i/MAXIGP0WVALID
                         net (fo=8, routed)           1.771     6.136    MP1BD_i/ps7_0_axi_periph/xbar/inst/gen_sasd.crossbar_sasd_0/addr_arbiter_inst/s_axi_wvalid[0]
    SLICE_X38Y97         LUT5 (Prop_lut5_I1_O)        0.124     6.260 r  MP1BD_i/ps7_0_axi_periph/xbar/inst/gen_sasd.crossbar_sasd_0/addr_arbiter_inst/m_axi_wvalid[0]_INST_0/O
                         net (fo=5, routed)           0.716     6.976    MP1BD_i/axi_ppm_0/U0/axi_ppm_v1_0_S00_AXI_inst/s00_axi_wvalid
    SLICE_X39Y97         LUT4 (Prop_lut4_I3_O)        0.150     7.126 r  MP1BD_i/axi_ppm_0/U0/axi_ppm_v1_0_S00_AXI_inst/slv_reg0[31]_i_2/O
                         net (fo=28, routed)          0.890     8.016    MP1BD_i/axi_ppm_0/U0/axi_ppm_v1_0_S00_AXI_inst/slv_reg_wren__2
    SLICE_X43Y91         LUT6 (Prop_lut6_I0_O)        0.326     8.342 r  MP1BD_i/axi_ppm_0/U0/axi_ppm_v1_0_S00_AXI_inst/slv_reg5[7]_i_1/O
                         net (fo=8, routed)           0.639     8.981    MP1BD_i/axi_ppm_0/U0/axi_ppm_v1_0_S00_AXI_inst/slv_reg5[7]_i_1_n_0
    SLICE_X43Y91         FDRE                                         r  MP1BD_i/axi_ppm_0/U0/axi_ppm_v1_0_S00_AXI_inst/slv_reg5_reg[4]/CE
  -------------------------------------------------------------------    -------------------

                         (clock clk_fpga_0 rise edge)
                                                     10.000    10.000 r  
    PS7_X0Y0             PS7                          0.000    10.000 r  MP1BD_i/processing_system7_0/inst/PS7_i/FCLKCLK[0]
                         net (fo=1, routed)           1.088    11.088    MP1BD_i/processing_system7_0/inst/FCLK_CLK_unbuffered[0]
    BUFGCTRL_X0Y16       BUFG (Prop_bufg_I_O)         0.091    11.179 r  MP1BD_i/processing_system7_0/inst/buffer_fclk_clk_0.FCLK_CLK_0_BUFG/O
                         net (fo=1746, routed)        1.478    12.657    MP1BD_i/axi_ppm_0/U0/axi_ppm_v1_0_S00_AXI_inst/s00_axi_aclk
    SLICE_X43Y91         FDRE                                         r  MP1BD_i/axi_ppm_0/U0/axi_ppm_v1_0_S00_AXI_inst/slv_reg5_reg[4]/C
                         clock pessimism              0.229    12.886    
                         clock uncertainty           -0.154    12.732    
    SLICE_X43Y91         FDRE (Setup_fdre_C_CE)      -0.205    12.527    MP1BD_i/axi_ppm_0/U0/axi_ppm_v1_0_S00_AXI_inst/slv_reg5_reg[4]
  -------------------------------------------------------------------
                         required time                         12.527    
                         arrival time                          -8.981    
  -------------------------------------------------------------------
                         slack                                  3.546    

Slack (MET) :             3.546ns  (required time - arrival time)
  Source:                 MP1BD_i/processing_system7_0/inst/PS7_i/MAXIGP0ACLK
                            (rising edge-triggered cell PS7 clocked by clk_fpga_0  {rise@0.000ns fall@5.000ns period=10.000ns})
  Destination:            MP1BD_i/axi_ppm_0/U0/axi_ppm_v1_0_S00_AXI_inst/slv_reg5_reg[6]/CE
                            (rising edge-triggered cell FDRE clocked by clk_fpga_0  {rise@0.000ns fall@5.000ns period=10.000ns})
  Path Group:             clk_fpga_0
  Path Type:              Setup (Max at Slow Process Corner)
  Requirement:            10.000ns  (clk_fpga_0 rise@10.000ns - clk_fpga_0 rise@0.000ns)
  Data Path Delay:        5.950ns  (logic 1.934ns (32.505%)  route 4.016ns (67.495%))
  Logic Levels:           3  (LUT4=1 LUT5=1 LUT6=1)
  Clock Path Skew:        -0.145ns (DCD - SCD + CPR)
    Destination Clock Delay (DCD):    2.657ns = ( 12.657 - 10.000 ) 
    Source Clock Delay      (SCD):    3.031ns
    Clock Pessimism Removal (CPR):    0.229ns
  Clock Uncertainty:      0.154ns  ((TSJ^2 + TIJ^2)^1/2 + DJ) / 2 + PE
    Total System Jitter     (TSJ):    0.071ns
    Total Input Jitter      (TIJ):    0.300ns
    Discrete Jitter          (DJ):    0.000ns
    Phase Error              (PE):    0.000ns

    Location             Delay type                Incr(ns)  Path(ns)    Netlist Resource(s)
  -------------------------------------------------------------------    -------------------
                         (clock clk_fpga_0 rise edge)
                                                      0.000     0.000 r  
    PS7_X0Y0             PS7                          0.000     0.000 r  MP1BD_i/processing_system7_0/inst/PS7_i/FCLKCLK[0]
                         net (fo=1, routed)           1.193     1.193    MP1BD_i/processing_system7_0/inst/FCLK_CLK_unbuffered[0]
    BUFGCTRL_X0Y16       BUFG (Prop_bufg_I_O)         0.101     1.294 r  MP1BD_i/processing_system7_0/inst/buffer_fclk_clk_0.FCLK_CLK_0_BUFG/O
                         net (fo=1746, routed)        1.737     3.031    MP1BD_i/processing_system7_0/inst/M_AXI_GP0_ACLK
    PS7_X0Y0             PS7                                          r  MP1BD_i/processing_system7_0/inst/PS7_i/MAXIGP0ACLK
  -------------------------------------------------------------------    -------------------
    PS7_X0Y0             PS7 (Prop_ps7_MAXIGP0ACLK_MAXIGP0WVALID)
                                                      1.334     4.365 r  MP1BD_i/processing_system7_0/inst/PS7_i/MAXIGP0WVALID
                         net (fo=8, routed)           1.771     6.136    MP1BD_i/ps7_0_axi_periph/xbar/inst/gen_sasd.crossbar_sasd_0/addr_arbiter_inst/s_axi_wvalid[0]
    SLICE_X38Y97         LUT5 (Prop_lut5_I1_O)        0.124     6.260 r  MP1BD_i/ps7_0_axi_periph/xbar/inst/gen_sasd.crossbar_sasd_0/addr_arbiter_inst/m_axi_wvalid[0]_INST_0/O
                         net (fo=5, routed)           0.716     6.976    MP1BD_i/axi_ppm_0/U0/axi_ppm_v1_0_S00_AXI_inst/s00_axi_wvalid
    SLICE_X39Y97         LUT4 (Prop_lut4_I3_O)        0.150     7.126 r  MP1BD_i/axi_ppm_0/U0/axi_ppm_v1_0_S00_AXI_inst/slv_reg0[31]_i_2/O
                         net (fo=28, routed)          0.890     8.016    MP1BD_i/axi_ppm_0/U0/axi_ppm_v1_0_S00_AXI_inst/slv_reg_wren__2
    SLICE_X43Y91         LUT6 (Prop_lut6_I0_O)        0.326     8.342 r  MP1BD_i/axi_ppm_0/U0/axi_ppm_v1_0_S00_AXI_inst/slv_reg5[7]_i_1/O
                         net (fo=8, routed)           0.639     8.981    MP1BD_i/axi_ppm_0/U0/axi_ppm_v1_0_S00_AXI_inst/slv_reg5[7]_i_1_n_0
    SLICE_X43Y91         FDRE                                         r  MP1BD_i/axi_ppm_0/U0/axi_ppm_v1_0_S00_AXI_inst/slv_reg5_reg[6]/CE
  -------------------------------------------------------------------    -------------------

                         (clock clk_fpga_0 rise edge)
                                                     10.000    10.000 r  
    PS7_X0Y0             PS7                          0.000    10.000 r  MP1BD_i/processing_system7_0/inst/PS7_i/FCLKCLK[0]
                         net (fo=1, routed)           1.088    11.088    MP1BD_i/processing_system7_0/inst/FCLK_CLK_unbuffered[0]
    BUFGCTRL_X0Y16       BUFG (Prop_bufg_I_O)         0.091    11.179 r  MP1BD_i/processing_system7_0/inst/buffer_fclk_clk_0.FCLK_CLK_0_BUFG/O
                         net (fo=1746, routed)        1.478    12.657    MP1BD_i/axi_ppm_0/U0/axi_ppm_v1_0_S00_AXI_inst/s00_axi_aclk
    SLICE_X43Y91         FDRE                                         r  MP1BD_i/axi_ppm_0/U0/axi_ppm_v1_0_S00_AXI_inst/slv_reg5_reg[6]/C
                         clock pessimism              0.229    12.886    
                         clock uncertainty           -0.154    12.732    
    SLICE_X43Y91         FDRE (Setup_fdre_C_CE)      -0.205    12.527    MP1BD_i/axi_ppm_0/U0/axi_ppm_v1_0_S00_AXI_inst/slv_reg5_reg[6]
  -------------------------------------------------------------------
                         required time                         12.527    
                         arrival time                          -8.981    
  -------------------------------------------------------------------
                         slack                                  3.546    

Slack (MET) :             3.548ns  (required time - arrival time)
  Source:                 MP1BD_i/processing_system7_0/inst/PS7_i/MAXIGP0ACLK
                            (rising edge-triggered cell PS7 clocked by clk_fpga_0  {rise@0.000ns fall@5.000ns period=10.000ns})
  Destination:            MP1BD_i/axi_ppm_0/U0/axi_ppm_v1_0_S00_AXI_inst/slv_reg7_reg[0]/CE
                            (rising edge-triggered cell FDRE clocked by clk_fpga_0  {rise@0.000ns fall@5.000ns period=10.000ns})
  Path Group:             clk_fpga_0
  Path Type:              Setup (Max at Slow Process Corner)
  Requirement:            10.000ns  (clk_fpga_0 rise@10.000ns - clk_fpga_0 rise@0.000ns)
  Data Path Delay:        5.947ns  (logic 1.934ns (32.522%)  route 4.013ns (67.478%))
  Logic Levels:           3  (LUT4=1 LUT5=1 LUT6=1)
  Clock Path Skew:        -0.146ns (DCD - SCD + CPR)
    Destination Clock Delay (DCD):    2.656ns = ( 12.656 - 10.000 ) 
    Source Clock Delay      (SCD):    3.031ns
    Clock Pessimism Removal (CPR):    0.229ns
  Clock Uncertainty:      0.154ns  ((TSJ^2 + TIJ^2)^1/2 + DJ) / 2 + PE
    Total System Jitter     (TSJ):    0.071ns
    Total Input Jitter      (TIJ):    0.300ns
    Discrete Jitter          (DJ):    0.000ns
    Phase Error              (PE):    0.000ns

    Location             Delay type                Incr(ns)  Path(ns)    Netlist Resource(s)
  -------------------------------------------------------------------    -------------------
                         (clock clk_fpga_0 rise edge)
                                                      0.000     0.000 r  
    PS7_X0Y0             PS7                          0.000     0.000 r  MP1BD_i/processing_system7_0/inst/PS7_i/FCLKCLK[0]
                         net (fo=1, routed)           1.193     1.193    MP1BD_i/processing_system7_0/inst/FCLK_CLK_unbuffered[0]
    BUFGCTRL_X0Y16       BUFG (Prop_bufg_I_O)         0.101     1.294 r  MP1BD_i/processing_system7_0/inst/buffer_fclk_clk_0.FCLK_CLK_0_BUFG/O
                         net (fo=1746, routed)        1.737     3.031    MP1BD_i/processing_system7_0/inst/M_AXI_GP0_ACLK
    PS7_X0Y0             PS7                                          r  MP1BD_i/processing_system7_0/inst/PS7_i/MAXIGP0ACLK
  -------------------------------------------------------------------    -------------------
    PS7_X0Y0             PS7 (Prop_ps7_MAXIGP0ACLK_MAXIGP0WVALID)
                                                      1.334     4.365 r  MP1BD_i/processing_system7_0/inst/PS7_i/MAXIGP0WVALID
                         net (fo=8, routed)           1.771     6.136    MP1BD_i/ps7_0_axi_periph/xbar/inst/gen_sasd.crossbar_sasd_0/addr_arbiter_inst/s_axi_wvalid[0]
    SLICE_X38Y97         LUT5 (Prop_lut5_I1_O)        0.124     6.260 r  MP1BD_i/ps7_0_axi_periph/xbar/inst/gen_sasd.crossbar_sasd_0/addr_arbiter_inst/m_axi_wvalid[0]_INST_0/O
                         net (fo=5, routed)           0.716     6.976    MP1BD_i/axi_ppm_0/U0/axi_ppm_v1_0_S00_AXI_inst/s00_axi_wvalid
    SLICE_X39Y97         LUT4 (Prop_lut4_I3_O)        0.150     7.126 r  MP1BD_i/axi_ppm_0/U0/axi_ppm_v1_0_S00_AXI_inst/slv_reg0[31]_i_2/O
                         net (fo=28, routed)          0.893     8.019    MP1BD_i/axi_ppm_0/U0/axi_ppm_v1_0_S00_AXI_inst/slv_reg_wren__2
    SLICE_X43Y91         LUT6 (Prop_lut6_I0_O)        0.326     8.345 r  MP1BD_i/axi_ppm_0/U0/axi_ppm_v1_0_S00_AXI_inst/slv_reg7[7]_i_1/O
                         net (fo=8, routed)           0.633     8.977    MP1BD_i/axi_ppm_0/U0/axi_ppm_v1_0_S00_AXI_inst/slv_reg7[7]_i_1_n_0
    SLICE_X41Y89         FDRE                                         r  MP1BD_i/axi_ppm_0/U0/axi_ppm_v1_0_S00_AXI_inst/slv_reg7_reg[0]/CE
  -------------------------------------------------------------------    -------------------

                         (clock clk_fpga_0 rise edge)
                                                     10.000    10.000 r  
    PS7_X0Y0             PS7                          0.000    10.000 r  MP1BD_i/processing_system7_0/inst/PS7_i/FCLKCLK[0]
                         net (fo=1, routed)           1.088    11.088    MP1BD_i/processing_system7_0/inst/FCLK_CLK_unbuffered[0]
    BUFGCTRL_X0Y16       BUFG (Prop_bufg_I_O)         0.091    11.179 r  MP1BD_i/processing_system7_0/inst/buffer_fclk_clk_0.FCLK_CLK_0_BUFG/O
                         net (fo=1746, routed)        1.477    12.656    MP1BD_i/axi_ppm_0/U0/axi_ppm_v1_0_S00_AXI_inst/s00_axi_aclk
    SLICE_X41Y89         FDRE                                         r  MP1BD_i/axi_ppm_0/U0/axi_ppm_v1_0_S00_AXI_inst/slv_reg7_reg[0]/C
                         clock pessimism              0.229    12.885    
                         clock uncertainty           -0.154    12.731    
    SLICE_X41Y89         FDRE (Setup_fdre_C_CE)      -0.205    12.526    MP1BD_i/axi_ppm_0/U0/axi_ppm_v1_0_S00_AXI_inst/slv_reg7_reg[0]
  -------------------------------------------------------------------
                         required time                         12.526    
                         arrival time                          -8.977    
  -------------------------------------------------------------------
                         slack                                  3.548    

Slack (MET) :             3.548ns  (required time - arrival time)
  Source:                 MP1BD_i/processing_system7_0/inst/PS7_i/MAXIGP0ACLK
                            (rising edge-triggered cell PS7 clocked by clk_fpga_0  {rise@0.000ns fall@5.000ns period=10.000ns})
  Destination:            MP1BD_i/axi_ppm_0/U0/axi_ppm_v1_0_S00_AXI_inst/slv_reg7_reg[2]/CE
                            (rising edge-triggered cell FDRE clocked by clk_fpga_0  {rise@0.000ns fall@5.000ns period=10.000ns})
  Path Group:             clk_fpga_0
  Path Type:              Setup (Max at Slow Process Corner)
  Requirement:            10.000ns  (clk_fpga_0 rise@10.000ns - clk_fpga_0 rise@0.000ns)
  Data Path Delay:        5.947ns  (logic 1.934ns (32.522%)  route 4.013ns (67.478%))
  Logic Levels:           3  (LUT4=1 LUT5=1 LUT6=1)
  Clock Path Skew:        -0.146ns (DCD - SCD + CPR)
    Destination Clock Delay (DCD):    2.656ns = ( 12.656 - 10.000 ) 
    Source Clock Delay      (SCD):    3.031ns
    Clock Pessimism Removal (CPR):    0.229ns
  Clock Uncertainty:      0.154ns  ((TSJ^2 + TIJ^2)^1/2 + DJ) / 2 + PE
    Total System Jitter     (TSJ):    0.071ns
    Total Input Jitter      (TIJ):    0.300ns
    Discrete Jitter          (DJ):    0.000ns
    Phase Error              (PE):    0.000ns

    Location             Delay type                Incr(ns)  Path(ns)    Netlist Resource(s)
  -------------------------------------------------------------------    -------------------
                         (clock clk_fpga_0 rise edge)
                                                      0.000     0.000 r  
    PS7_X0Y0             PS7                          0.000     0.000 r  MP1BD_i/processing_system7_0/inst/PS7_i/FCLKCLK[0]
                         net (fo=1, routed)           1.193     1.193    MP1BD_i/processing_system7_0/inst/FCLK_CLK_unbuffered[0]
    BUFGCTRL_X0Y16       BUFG (Prop_bufg_I_O)         0.101     1.294 r  MP1BD_i/processing_system7_0/inst/buffer_fclk_clk_0.FCLK_CLK_0_BUFG/O
                         net (fo=1746, routed)        1.737     3.031    MP1BD_i/processing_system7_0/inst/M_AXI_GP0_ACLK
    PS7_X0Y0             PS7                                          r  MP1BD_i/processing_system7_0/inst/PS7_i/MAXIGP0ACLK
  -------------------------------------------------------------------    -------------------
    PS7_X0Y0             PS7 (Prop_ps7_MAXIGP0ACLK_MAXIGP0WVALID)
                                                      1.334     4.365 r  MP1BD_i/processing_system7_0/inst/PS7_i/MAXIGP0WVALID
                         net (fo=8, routed)           1.771     6.136    MP1BD_i/ps7_0_axi_periph/xbar/inst/gen_sasd.crossbar_sasd_0/addr_arbiter_inst/s_axi_wvalid[0]
    SLICE_X38Y97         LUT5 (Prop_lut5_I1_O)        0.124     6.260 r  MP1BD_i/ps7_0_axi_periph/xbar/inst/gen_sasd.crossbar_sasd_0/addr_arbiter_inst/m_axi_wvalid[0]_INST_0/O
                         net (fo=5, routed)           0.716     6.976    MP1BD_i/axi_ppm_0/U0/axi_ppm_v1_0_S00_AXI_inst/s00_axi_wvalid
    SLICE_X39Y97         LUT4 (Prop_lut4_I3_O)        0.150     7.126 r  MP1BD_i/axi_ppm_0/U0/axi_ppm_v1_0_S00_AXI_inst/slv_reg0[31]_i_2/O
                         net (fo=28, routed)          0.893     8.019    MP1BD_i/axi_ppm_0/U0/axi_ppm_v1_0_S00_AXI_inst/slv_reg_wren__2
    SLICE_X43Y91         LUT6 (Prop_lut6_I0_O)        0.326     8.345 r  MP1BD_i/axi_ppm_0/U0/axi_ppm_v1_0_S00_AXI_inst/slv_reg7[7]_i_1/O
                         net (fo=8, routed)           0.633     8.977    MP1BD_i/axi_ppm_0/U0/axi_ppm_v1_0_S00_AXI_inst/slv_reg7[7]_i_1_n_0
    SLICE_X41Y89         FDRE                                         r  MP1BD_i/axi_ppm_0/U0/axi_ppm_v1_0_S00_AXI_inst/slv_reg7_reg[2]/CE
  -------------------------------------------------------------------    -------------------

                         (clock clk_fpga_0 rise edge)
                                                     10.000    10.000 r  
    PS7_X0Y0             PS7                          0.000    10.000 r  MP1BD_i/processing_system7_0/inst/PS7_i/FCLKCLK[0]
                         net (fo=1, routed)           1.088    11.088    MP1BD_i/processing_system7_0/inst/FCLK_CLK_unbuffered[0]
    BUFGCTRL_X0Y16       BUFG (Prop_bufg_I_O)         0.091    11.179 r  MP1BD_i/processing_system7_0/inst/buffer_fclk_clk_0.FCLK_CLK_0_BUFG/O
                         net (fo=1746, routed)        1.477    12.656    MP1BD_i/axi_ppm_0/U0/axi_ppm_v1_0_S00_AXI_inst/s00_axi_aclk
    SLICE_X41Y89         FDRE                                         r  MP1BD_i/axi_ppm_0/U0/axi_ppm_v1_0_S00_AXI_inst/slv_reg7_reg[2]/C
                         clock pessimism              0.229    12.885    
                         clock uncertainty           -0.154    12.731    
    SLICE_X41Y89         FDRE (Setup_fdre_C_CE)      -0.205    12.526    MP1BD_i/axi_ppm_0/U0/axi_ppm_v1_0_S00_AXI_inst/slv_reg7_reg[2]
  -------------------------------------------------------------------
                         required time                         12.526    
                         arrival time                          -8.977    
  -------------------------------------------------------------------
                         slack                                  3.548    

Slack (MET) :             3.574ns  (required time - arrival time)
  Source:                 MP1BD_i/processing_system7_0/inst/PS7_i/MAXIGP0ACLK
                            (rising edge-triggered cell PS7 clocked by clk_fpga_0  {rise@0.000ns fall@5.000ns period=10.000ns})
  Destination:            MP1BD_i/axi_ppm_0/U0/axi_ppm_v1_0_S00_AXI_inst/slv_reg6_reg[3]/CE
                            (rising edge-triggered cell FDRE clocked by clk_fpga_0  {rise@0.000ns fall@5.000ns period=10.000ns})
  Path Group:             clk_fpga_0
  Path Type:              Setup (Max at Slow Process Corner)
  Requirement:            10.000ns  (clk_fpga_0 rise@10.000ns - clk_fpga_0 rise@0.000ns)
  Data Path Delay:        5.922ns  (logic 1.934ns (32.656%)  route 3.988ns (67.344%))
  Logic Levels:           3  (LUT4=1 LUT5=1 LUT6=1)
  Clock Path Skew:        -0.145ns (DCD - SCD + CPR)
    Destination Clock Delay (DCD):    2.657ns = ( 12.657 - 10.000 ) 
    Source Clock Delay      (SCD):    3.031ns
    Clock Pessimism Removal (CPR):    0.229ns
  Clock Uncertainty:      0.154ns  ((TSJ^2 + TIJ^2)^1/2 + DJ) / 2 + PE
    Total System Jitter     (TSJ):    0.071ns
    Total Input Jitter      (TIJ):    0.300ns
    Discrete Jitter          (DJ):    0.000ns
    Phase Error              (PE):    0.000ns

    Location             Delay type                Incr(ns)  Path(ns)    Netlist Resource(s)
  -------------------------------------------------------------------    -------------------
                         (clock clk_fpga_0 rise edge)
                                                      0.000     0.000 r  
    PS7_X0Y0             PS7                          0.000     0.000 r  MP1BD_i/processing_system7_0/inst/PS7_i/FCLKCLK[0]
                         net (fo=1, routed)           1.193     1.193    MP1BD_i/processing_system7_0/inst/FCLK_CLK_unbuffered[0]
    BUFGCTRL_X0Y16       BUFG (Prop_bufg_I_O)         0.101     1.294 r  MP1BD_i/processing_system7_0/inst/buffer_fclk_clk_0.FCLK_CLK_0_BUFG/O
                         net (fo=1746, routed)        1.737     3.031    MP1BD_i/processing_system7_0/inst/M_AXI_GP0_ACLK
    PS7_X0Y0             PS7                                          r  MP1BD_i/processing_system7_0/inst/PS7_i/MAXIGP0ACLK
  -------------------------------------------------------------------    -------------------
    PS7_X0Y0             PS7 (Prop_ps7_MAXIGP0ACLK_MAXIGP0WVALID)
                                                      1.334     4.365 r  MP1BD_i/processing_system7_0/inst/PS7_i/MAXIGP0WVALID
                         net (fo=8, routed)           1.771     6.136    MP1BD_i/ps7_0_axi_periph/xbar/inst/gen_sasd.crossbar_sasd_0/addr_arbiter_inst/s_axi_wvalid[0]
    SLICE_X38Y97         LUT5 (Prop_lut5_I1_O)        0.124     6.260 r  MP1BD_i/ps7_0_axi_periph/xbar/inst/gen_sasd.crossbar_sasd_0/addr_arbiter_inst/m_axi_wvalid[0]_INST_0/O
                         net (fo=5, routed)           0.716     6.976    MP1BD_i/axi_ppm_0/U0/axi_ppm_v1_0_S00_AXI_inst/s00_axi_wvalid
    SLICE_X39Y97         LUT4 (Prop_lut4_I3_O)        0.150     7.126 r  MP1BD_i/axi_ppm_0/U0/axi_ppm_v1_0_S00_AXI_inst/slv_reg0[31]_i_2/O
                         net (fo=28, routed)          0.845     7.971    MP1BD_i/axi_ppm_0/U0/axi_ppm_v1_0_S00_AXI_inst/slv_reg_wren__2
    SLICE_X43Y92         LUT6 (Prop_lut6_I0_O)        0.326     8.297 r  MP1BD_i/axi_ppm_0/U0/axi_ppm_v1_0_S00_AXI_inst/slv_reg6[7]_i_1/O
                         net (fo=8, routed)           0.656     8.953    MP1BD_i/axi_ppm_0/U0/axi_ppm_v1_0_S00_AXI_inst/slv_reg6[7]_i_1_n_0
    SLICE_X43Y92         FDRE                                         r  MP1BD_i/axi_ppm_0/U0/axi_ppm_v1_0_S00_AXI_inst/slv_reg6_reg[3]/CE
  -------------------------------------------------------------------    -------------------

                         (clock clk_fpga_0 rise edge)
                                                     10.000    10.000 r  
    PS7_X0Y0             PS7                          0.000    10.000 r  MP1BD_i/processing_system7_0/inst/PS7_i/FCLKCLK[0]
                         net (fo=1, routed)           1.088    11.088    MP1BD_i/processing_system7_0/inst/FCLK_CLK_unbuffered[0]
    BUFGCTRL_X0Y16       BUFG (Prop_bufg_I_O)         0.091    11.179 r  MP1BD_i/processing_system7_0/inst/buffer_fclk_clk_0.FCLK_CLK_0_BUFG/O
                         net (fo=1746, routed)        1.478    12.657    MP1BD_i/axi_ppm_0/U0/axi_ppm_v1_0_S00_AXI_inst/s00_axi_aclk
    SLICE_X43Y92         FDRE                                         r  MP1BD_i/axi_ppm_0/U0/axi_ppm_v1_0_S00_AXI_inst/slv_reg6_reg[3]/C
                         clock pessimism              0.229    12.886    
                         clock uncertainty           -0.154    12.732    
    SLICE_X43Y92         FDRE (Setup_fdre_C_CE)      -0.205    12.527    MP1BD_i/axi_ppm_0/U0/axi_ppm_v1_0_S00_AXI_inst/slv_reg6_reg[3]
  -------------------------------------------------------------------
                         required time                         12.527    
                         arrival time                          -8.953    
  -------------------------------------------------------------------
                         slack                                  3.574    





Min Delay Paths
--------------------------------------------------------------------------------------
Slack (MET) :             0.020ns  (arrival time - required time)
  Source:                 MP1BD_i/axi_ppm_0/U0/axi_ppm_v1_0_S00_AXI_inst/slv_reg9_reg[16]/C
                            (rising edge-triggered cell FDRE clocked by clk_fpga_0  {rise@0.000ns fall@5.000ns period=10.000ns})
  Destination:            MP1BD_i/axi_ppm_0/U0/axi_ppm_v1_0_S00_AXI_inst/axi_rdata_reg[16]/D
                            (rising edge-triggered cell FDRE clocked by clk_fpga_0  {rise@0.000ns fall@5.000ns period=10.000ns})
  Path Group:             clk_fpga_0
  Path Type:              Hold (Min at Fast Process Corner)
  Requirement:            0.000ns  (clk_fpga_0 rise@0.000ns - clk_fpga_0 rise@0.000ns)
  Data Path Delay:        0.504ns  (logic 0.267ns (53.008%)  route 0.237ns (46.992%))
  Logic Levels:           3  (LUT6=1 MUXF7=1 MUXF8=1)
  Clock Path Skew:        0.349ns (DCD - SCD - CPR)
    Destination Clock Delay (DCD):    1.277ns
    Source Clock Delay      (SCD):    0.893ns
    Clock Pessimism Removal (CPR):    0.035ns

    Location             Delay type                Incr(ns)  Path(ns)    Netlist Resource(s)
  -------------------------------------------------------------------    -------------------
                         (clock clk_fpga_0 rise edge)
                                                      0.000     0.000 r  
    PS7_X0Y0             PS7                          0.000     0.000 r  MP1BD_i/processing_system7_0/inst/PS7_i/FCLKCLK[0]
                         net (fo=1, routed)           0.310     0.310    MP1BD_i/processing_system7_0/inst/FCLK_CLK_unbuffered[0]
    BUFGCTRL_X0Y16       BUFG (Prop_bufg_I_O)         0.026     0.336 r  MP1BD_i/processing_system7_0/inst/buffer_fclk_clk_0.FCLK_CLK_0_BUFG/O
                         net (fo=1746, routed)        0.557     0.893    MP1BD_i/axi_ppm_0/U0/axi_ppm_v1_0_S00_AXI_inst/s00_axi_aclk
    SLICE_X43Y98         FDRE                                         r  MP1BD_i/axi_ppm_0/U0/axi_ppm_v1_0_S00_AXI_inst/slv_reg9_reg[16]/C
  -------------------------------------------------------------------    -------------------
    SLICE_X43Y98         FDRE (Prop_fdre_C_Q)         0.141     1.034 r  MP1BD_i/axi_ppm_0/U0/axi_ppm_v1_0_S00_AXI_inst/slv_reg9_reg[16]/Q
                         net (fo=2, routed)           0.237     1.270    MP1BD_i/axi_ppm_0/U0/axi_ppm_v1_0_S00_AXI_inst/slv_reg9[16]
    SLICE_X46Y101        LUT6 (Prop_lut6_I3_O)        0.045     1.315 r  MP1BD_i/axi_ppm_0/U0/axi_ppm_v1_0_S00_AXI_inst/axi_rdata[16]_i_6/O
                         net (fo=1, routed)           0.000     1.315    MP1BD_i/axi_ppm_0/U0/axi_ppm_v1_0_S00_AXI_inst/axi_rdata[16]_i_6_n_0
    SLICE_X46Y101        MUXF7 (Prop_muxf7_I0_O)      0.062     1.377 r  MP1BD_i/axi_ppm_0/U0/axi_ppm_v1_0_S00_AXI_inst/axi_rdata_reg[16]_i_3/O
                         net (fo=1, routed)           0.000     1.377    MP1BD_i/axi_ppm_0/U0/axi_ppm_v1_0_S00_AXI_inst/axi_rdata_reg[16]_i_3_n_0
    SLICE_X46Y101        MUXF8 (Prop_muxf8_I1_O)      0.019     1.396 r  MP1BD_i/axi_ppm_0/U0/axi_ppm_v1_0_S00_AXI_inst/axi_rdata_reg[16]_i_1/O
                         net (fo=1, routed)           0.000     1.396    MP1BD_i/axi_ppm_0/U0/axi_ppm_v1_0_S00_AXI_inst/reg_data_out[16]
    SLICE_X46Y101        FDRE                                         r  MP1BD_i/axi_ppm_0/U0/axi_ppm_v1_0_S00_AXI_inst/axi_rdata_reg[16]/D
  -------------------------------------------------------------------    -------------------

                         (clock clk_fpga_0 rise edge)
                                                      0.000     0.000 r  
    PS7_X0Y0             PS7                          0.000     0.000 r  MP1BD_i/processing_system7_0/inst/PS7_i/FCLKCLK[0]
                         net (fo=1, routed)           0.337     0.337    MP1BD_i/processing_system7_0/inst/FCLK_CLK_unbuffered[0]
    BUFGCTRL_X0Y16       BUFG (Prop_bufg_I_O)         0.029     0.366 r  MP1BD_i/processing_system7_0/inst/buffer_fclk_clk_0.FCLK_CLK_0_BUFG/O
                         net (fo=1746, routed)        0.911     1.277    MP1BD_i/axi_ppm_0/U0/axi_ppm_v1_0_S00_AXI_inst/s00_axi_aclk
    SLICE_X46Y101        FDRE                                         r  MP1BD_i/axi_ppm_0/U0/axi_ppm_v1_0_S00_AXI_inst/axi_rdata_reg[16]/C
                         clock pessimism             -0.035     1.242    
    SLICE_X46Y101        FDRE (Hold_fdre_C_D)         0.134     1.376    MP1BD_i/axi_ppm_0/U0/axi_ppm_v1_0_S00_AXI_inst/axi_rdata_reg[16]
  -------------------------------------------------------------------
                         required time                         -1.376    
                         arrival time                           1.396    
  -------------------------------------------------------------------
                         slack                                  0.020    

Slack (MET) :             0.029ns  (arrival time - required time)
  Source:                 MP1BD_i/axi_ppm_0/U0/axi_ppm_v1_0_S00_AXI_inst/s_channel_count_frame_save_reg[2][9]/C
                            (rising edge-triggered cell FDRE clocked by clk_fpga_0  {rise@0.000ns fall@5.000ns period=10.000ns})
  Destination:            MP1BD_i/axi_ppm_0/U0/axi_ppm_v1_0_S00_AXI_inst/s_channel_count_registers_reg[2][9]/D
                            (rising edge-triggered cell FDRE clocked by clk_fpga_0  {rise@0.000ns fall@5.000ns period=10.000ns})
  Path Group:             clk_fpga_0
  Path Type:              Hold (Min at Fast Process Corner)
  Requirement:            0.000ns  (clk_fpga_0 rise@0.000ns - clk_fpga_0 rise@0.000ns)
  Data Path Delay:        0.344ns  (logic 0.141ns (40.937%)  route 0.203ns (59.063%))
  Logic Levels:           0  
  Clock Path Skew:        0.268ns (DCD - SCD - CPR)
    Destination Clock Delay (DCD):    1.277ns
    Source Clock Delay      (SCD):    0.970ns
    Clock Pessimism Removal (CPR):    0.039ns

    Location             Delay type                Incr(ns)  Path(ns)    Netlist Resource(s)
  -------------------------------------------------------------------    -------------------
                         (clock clk_fpga_0 rise edge)
                                                      0.000     0.000 r  
    PS7_X0Y0             PS7                          0.000     0.000 r  MP1BD_i/processing_system7_0/inst/PS7_i/FCLKCLK[0]
                         net (fo=1, routed)           0.310     0.310    MP1BD_i/processing_system7_0/inst/FCLK_CLK_unbuffered[0]
    BUFGCTRL_X0Y16       BUFG (Prop_bufg_I_O)         0.026     0.336 r  MP1BD_i/processing_system7_0/inst/buffer_fclk_clk_0.FCLK_CLK_0_BUFG/O
                         net (fo=1746, routed)        0.634     0.970    MP1BD_i/axi_ppm_0/U0/axi_ppm_v1_0_S00_AXI_inst/s00_axi_aclk
    SLICE_X52Y103        FDRE                                         r  MP1BD_i/axi_ppm_0/U0/axi_ppm_v1_0_S00_AXI_inst/s_channel_count_frame_save_reg[2][9]/C
  -------------------------------------------------------------------    -------------------
    SLICE_X52Y103        FDRE (Prop_fdre_C_Q)         0.141     1.111 r  MP1BD_i/axi_ppm_0/U0/axi_ppm_v1_0_S00_AXI_inst/s_channel_count_frame_save_reg[2][9]/Q
                         net (fo=1, routed)           0.203     1.314    MP1BD_i/axi_ppm_0/U0/axi_ppm_v1_0_S00_AXI_inst/s_channel_count_frame_save[2]_2[9]
    SLICE_X48Y102        FDRE                                         r  MP1BD_i/axi_ppm_0/U0/axi_ppm_v1_0_S00_AXI_inst/s_channel_count_registers_reg[2][9]/D
  -------------------------------------------------------------------    -------------------

                         (clock clk_fpga_0 rise edge)
                                                      0.000     0.000 r  
    PS7_X0Y0             PS7                          0.000     0.000 r  MP1BD_i/processing_system7_0/inst/PS7_i/FCLKCLK[0]
                         net (fo=1, routed)           0.337     0.337    MP1BD_i/processing_system7_0/inst/FCLK_CLK_unbuffered[0]
    BUFGCTRL_X0Y16       BUFG (Prop_bufg_I_O)         0.029     0.366 r  MP1BD_i/processing_system7_0/inst/buffer_fclk_clk_0.FCLK_CLK_0_BUFG/O
                         net (fo=1746, routed)        0.911     1.277    MP1BD_i/axi_ppm_0/U0/axi_ppm_v1_0_S00_AXI_inst/s00_axi_aclk
    SLICE_X48Y102        FDRE                                         r  MP1BD_i/axi_ppm_0/U0/axi_ppm_v1_0_S00_AXI_inst/s_channel_count_registers_reg[2][9]/C
                         clock pessimism             -0.039     1.238    
    SLICE_X48Y102        FDRE (Hold_fdre_C_D)         0.047     1.285    MP1BD_i/axi_ppm_0/U0/axi_ppm_v1_0_S00_AXI_inst/s_channel_count_registers_reg[2][9]
  -------------------------------------------------------------------
                         required time                         -1.285    
                         arrival time                           1.314    
  -------------------------------------------------------------------
                         slack                                  0.029    

Slack (MET) :             0.034ns  (arrival time - required time)
  Source:                 MP1BD_i/axi_ppm_0/U0/axi_ppm_v1_0_S00_AXI_inst/s_channel_count_frame_save_reg[5][2]/C
                            (rising edge-triggered cell FDRE clocked by clk_fpga_0  {rise@0.000ns fall@5.000ns period=10.000ns})
  Destination:            MP1BD_i/axi_ppm_0/U0/axi_ppm_v1_0_S00_AXI_inst/s_channel_count_registers_reg[5][2]/D
                            (rising edge-triggered cell FDRE clocked by clk_fpga_0  {rise@0.000ns fall@5.000ns period=10.000ns})
  Path Group:             clk_fpga_0
  Path Type:              Hold (Min at Fast Process Corner)
  Requirement:            0.000ns  (clk_fpga_0 rise@0.000ns - clk_fpga_0 rise@0.000ns)
  Data Path Delay:        0.378ns  (logic 0.164ns (43.371%)  route 0.214ns (56.629%))
  Logic Levels:           0  
  Clock Path Skew:        0.266ns (DCD - SCD - CPR)
    Destination Clock Delay (DCD):    1.188ns
    Source Clock Delay      (SCD):    0.887ns
    Clock Pessimism Removal (CPR):    0.035ns

    Location             Delay type                Incr(ns)  Path(ns)    Netlist Resource(s)
  -------------------------------------------------------------------    -------------------
                         (clock clk_fpga_0 rise edge)
                                                      0.000     0.000 r  
    PS7_X0Y0             PS7                          0.000     0.000 r  MP1BD_i/processing_system7_0/inst/PS7_i/FCLKCLK[0]
                         net (fo=1, routed)           0.310     0.310    MP1BD_i/processing_system7_0/inst/FCLK_CLK_unbuffered[0]
    BUFGCTRL_X0Y16       BUFG (Prop_bufg_I_O)         0.026     0.336 r  MP1BD_i/processing_system7_0/inst/buffer_fclk_clk_0.FCLK_CLK_0_BUFG/O
                         net (fo=1746, routed)        0.551     0.887    MP1BD_i/axi_ppm_0/U0/axi_ppm_v1_0_S00_AXI_inst/s00_axi_aclk
    SLICE_X50Y90         FDRE                                         r  MP1BD_i/axi_ppm_0/U0/axi_ppm_v1_0_S00_AXI_inst/s_channel_count_frame_save_reg[5][2]/C
  -------------------------------------------------------------------    -------------------
    SLICE_X50Y90         FDRE (Prop_fdre_C_Q)         0.164     1.051 r  MP1BD_i/axi_ppm_0/U0/axi_ppm_v1_0_S00_AXI_inst/s_channel_count_frame_save_reg[5][2]/Q
                         net (fo=1, routed)           0.214     1.265    MP1BD_i/axi_ppm_0/U0/axi_ppm_v1_0_S00_AXI_inst/s_channel_count_frame_save[5]_5[2]
    SLICE_X47Y89         FDRE                                         r  MP1BD_i/axi_ppm_0/U0/axi_ppm_v1_0_S00_AXI_inst/s_channel_count_registers_reg[5][2]/D
  -------------------------------------------------------------------    -------------------

                         (clock clk_fpga_0 rise edge)
                                                      0.000     0.000 r  
    PS7_X0Y0             PS7                          0.000     0.000 r  MP1BD_i/processing_system7_0/inst/PS7_i/FCLKCLK[0]
                         net (fo=1, routed)           0.337     0.337    MP1BD_i/processing_system7_0/inst/FCLK_CLK_unbuffered[0]
    BUFGCTRL_X0Y16       BUFG (Prop_bufg_I_O)         0.029     0.366 r  MP1BD_i/processing_system7_0/inst/buffer_fclk_clk_0.FCLK_CLK_0_BUFG/O
                         net (fo=1746, routed)        0.822     1.188    MP1BD_i/axi_ppm_0/U0/axi_ppm_v1_0_S00_AXI_inst/s00_axi_aclk
    SLICE_X47Y89         FDRE                                         r  MP1BD_i/axi_ppm_0/U0/axi_ppm_v1_0_S00_AXI_inst/s_channel_count_registers_reg[5][2]/C
                         clock pessimism             -0.035     1.153    
    SLICE_X47Y89         FDRE (Hold_fdre_C_D)         0.078     1.231    MP1BD_i/axi_ppm_0/U0/axi_ppm_v1_0_S00_AXI_inst/s_channel_count_registers_reg[5][2]
  -------------------------------------------------------------------
                         required time                         -1.231    
                         arrival time                           1.265    
  -------------------------------------------------------------------
                         slack                                  0.034    

Slack (MET) :             0.036ns  (arrival time - required time)
  Source:                 MP1BD_i/axi_ppm_0/U0/axi_ppm_v1_0_S00_AXI_inst/slv_reg0_reg[15]/C
                            (rising edge-triggered cell FDRE clocked by clk_fpga_0  {rise@0.000ns fall@5.000ns period=10.000ns})
  Destination:            MP1BD_i/axi_ppm_0/U0/axi_ppm_v1_0_S00_AXI_inst/axi_rdata_reg[15]/D
                            (rising edge-triggered cell FDRE clocked by clk_fpga_0  {rise@0.000ns fall@5.000ns period=10.000ns})
  Path Group:             clk_fpga_0
  Path Type:              Hold (Min at Fast Process Corner)
  Requirement:            0.000ns  (clk_fpga_0 rise@0.000ns - clk_fpga_0 rise@0.000ns)
  Data Path Delay:        0.491ns  (logic 0.280ns (57.006%)  route 0.211ns (42.994%))
  Logic Levels:           3  (LUT6=1 MUXF7=1 MUXF8=1)
  Clock Path Skew:        0.350ns (DCD - SCD - CPR)
    Destination Clock Delay (DCD):    1.277ns
    Source Clock Delay      (SCD):    0.892ns
    Clock Pessimism Removal (CPR):    0.035ns

    Location             Delay type                Incr(ns)  Path(ns)    Netlist Resource(s)
  -------------------------------------------------------------------    -------------------
                         (clock clk_fpga_0 rise edge)
                                                      0.000     0.000 r  
    PS7_X0Y0             PS7                          0.000     0.000 r  MP1BD_i/processing_system7_0/inst/PS7_i/FCLKCLK[0]
                         net (fo=1, routed)           0.310     0.310    MP1BD_i/processing_system7_0/inst/FCLK_CLK_unbuffered[0]
    BUFGCTRL_X0Y16       BUFG (Prop_bufg_I_O)         0.026     0.336 r  MP1BD_i/processing_system7_0/inst/buffer_fclk_clk_0.FCLK_CLK_0_BUFG/O
                         net (fo=1746, routed)        0.556     0.892    MP1BD_i/axi_ppm_0/U0/axi_ppm_v1_0_S00_AXI_inst/s00_axi_aclk
    SLICE_X47Y96         FDRE                                         r  MP1BD_i/axi_ppm_0/U0/axi_ppm_v1_0_S00_AXI_inst/slv_reg0_reg[15]/C
  -------------------------------------------------------------------    -------------------
    SLICE_X47Y96         FDRE (Prop_fdre_C_Q)         0.141     1.033 r  MP1BD_i/axi_ppm_0/U0/axi_ppm_v1_0_S00_AXI_inst/slv_reg0_reg[15]/Q
                         net (fo=1, routed)           0.211     1.244    MP1BD_i/axi_ppm_0/U0/axi_ppm_v1_0_S00_AXI_inst/slv_reg0[15]
    SLICE_X49Y100        LUT6 (Prop_lut6_I5_O)        0.045     1.289 r  MP1BD_i/axi_ppm_0/U0/axi_ppm_v1_0_S00_AXI_inst/axi_rdata[15]_i_4/O
                         net (fo=1, routed)           0.000     1.289    MP1BD_i/axi_ppm_0/U0/axi_ppm_v1_0_S00_AXI_inst/axi_rdata[15]_i_4_n_0
    SLICE_X49Y100        MUXF7 (Prop_muxf7_I0_O)      0.071     1.360 r  MP1BD_i/axi_ppm_0/U0/axi_ppm_v1_0_S00_AXI_inst/axi_rdata_reg[15]_i_2/O
                         net (fo=1, routed)           0.000     1.360    MP1BD_i/axi_ppm_0/U0/axi_ppm_v1_0_S00_AXI_inst/axi_rdata_reg[15]_i_2_n_0
    SLICE_X49Y100        MUXF8 (Prop_muxf8_I0_O)      0.023     1.383 r  MP1BD_i/axi_ppm_0/U0/axi_ppm_v1_0_S00_AXI_inst/axi_rdata_reg[15]_i_1/O
                         net (fo=1, routed)           0.000     1.383    MP1BD_i/axi_ppm_0/U0/axi_ppm_v1_0_S00_AXI_inst/reg_data_out[15]
    SLICE_X49Y100        FDRE                                         r  MP1BD_i/axi_ppm_0/U0/axi_ppm_v1_0_S00_AXI_inst/axi_rdata_reg[15]/D
  -------------------------------------------------------------------    -------------------

                         (clock clk_fpga_0 rise edge)
                                                      0.000     0.000 r  
    PS7_X0Y0             PS7                          0.000     0.000 r  MP1BD_i/processing_system7_0/inst/PS7_i/FCLKCLK[0]
                         net (fo=1, routed)           0.337     0.337    MP1BD_i/processing_system7_0/inst/FCLK_CLK_unbuffered[0]
    BUFGCTRL_X0Y16       BUFG (Prop_bufg_I_O)         0.029     0.366 r  MP1BD_i/processing_system7_0/inst/buffer_fclk_clk_0.FCLK_CLK_0_BUFG/O
                         net (fo=1746, routed)        0.911     1.277    MP1BD_i/axi_ppm_0/U0/axi_ppm_v1_0_S00_AXI_inst/s00_axi_aclk
    SLICE_X49Y100        FDRE                                         r  MP1BD_i/axi_ppm_0/U0/axi_ppm_v1_0_S00_AXI_inst/axi_rdata_reg[15]/C
                         clock pessimism             -0.035     1.242    
    SLICE_X49Y100        FDRE (Hold_fdre_C_D)         0.105     1.347    MP1BD_i/axi_ppm_0/U0/axi_ppm_v1_0_S00_AXI_inst/axi_rdata_reg[15]
  -------------------------------------------------------------------
                         required time                         -1.347    
                         arrival time                           1.383    
  -------------------------------------------------------------------
                         slack                                  0.036    

Slack (MET) :             0.044ns  (arrival time - required time)
  Source:                 MP1BD_i/axi_ppm_0/U0/axi_ppm_v1_0_S00_AXI_inst/s_channel_count_frame_save_reg[5][4]/C
                            (rising edge-triggered cell FDRE clocked by clk_fpga_0  {rise@0.000ns fall@5.000ns period=10.000ns})
  Destination:            MP1BD_i/axi_ppm_0/U0/axi_ppm_v1_0_S00_AXI_inst/s_channel_count_registers_reg[5][4]/D
                            (rising edge-triggered cell FDRE clocked by clk_fpga_0  {rise@0.000ns fall@5.000ns period=10.000ns})
  Path Group:             clk_fpga_0
  Path Type:              Hold (Min at Fast Process Corner)
  Requirement:            0.000ns  (clk_fpga_0 rise@0.000ns - clk_fpga_0 rise@0.000ns)
  Data Path Delay:        0.383ns  (logic 0.164ns (42.854%)  route 0.219ns (57.146%))
  Logic Levels:           0  
  Clock Path Skew:        0.267ns (DCD - SCD - CPR)
    Destination Clock Delay (DCD):    1.189ns
    Source Clock Delay      (SCD):    0.887ns
    Clock Pessimism Removal (CPR):    0.035ns

    Location             Delay type                Incr(ns)  Path(ns)    Netlist Resource(s)
  -------------------------------------------------------------------    -------------------
                         (clock clk_fpga_0 rise edge)
                                                      0.000     0.000 r  
    PS7_X0Y0             PS7                          0.000     0.000 r  MP1BD_i/processing_system7_0/inst/PS7_i/FCLKCLK[0]
                         net (fo=1, routed)           0.310     0.310    MP1BD_i/processing_system7_0/inst/FCLK_CLK_unbuffered[0]
    BUFGCTRL_X0Y16       BUFG (Prop_bufg_I_O)         0.026     0.336 r  MP1BD_i/processing_system7_0/inst/buffer_fclk_clk_0.FCLK_CLK_0_BUFG/O
                         net (fo=1746, routed)        0.551     0.887    MP1BD_i/axi_ppm_0/U0/axi_ppm_v1_0_S00_AXI_inst/s00_axi_aclk
    SLICE_X50Y90         FDRE                                         r  MP1BD_i/axi_ppm_0/U0/axi_ppm_v1_0_S00_AXI_inst/s_channel_count_frame_save_reg[5][4]/C
  -------------------------------------------------------------------    -------------------
    SLICE_X50Y90         FDRE (Prop_fdre_C_Q)         0.164     1.051 r  MP1BD_i/axi_ppm_0/U0/axi_ppm_v1_0_S00_AXI_inst/s_channel_count_frame_save_reg[5][4]/Q
                         net (fo=1, routed)           0.219     1.269    MP1BD_i/axi_ppm_0/U0/axi_ppm_v1_0_S00_AXI_inst/s_channel_count_frame_save[5]_5[4]
    SLICE_X45Y90         FDRE                                         r  MP1BD_i/axi_ppm_0/U0/axi_ppm_v1_0_S00_AXI_inst/s_channel_count_registers_reg[5][4]/D
  -------------------------------------------------------------------    -------------------

                         (clock clk_fpga_0 rise edge)
                                                      0.000     0.000 r  
    PS7_X0Y0             PS7                          0.000     0.000 r  MP1BD_i/processing_system7_0/inst/PS7_i/FCLKCLK[0]
                         net (fo=1, routed)           0.337     0.337    MP1BD_i/processing_system7_0/inst/FCLK_CLK_unbuffered[0]
    BUFGCTRL_X0Y16       BUFG (Prop_bufg_I_O)         0.029     0.366 r  MP1BD_i/processing_system7_0/inst/buffer_fclk_clk_0.FCLK_CLK_0_BUFG/O
                         net (fo=1746, routed)        0.823     1.189    MP1BD_i/axi_ppm_0/U0/axi_ppm_v1_0_S00_AXI_inst/s00_axi_aclk
    SLICE_X45Y90         FDRE                                         r  MP1BD_i/axi_ppm_0/U0/axi_ppm_v1_0_S00_AXI_inst/s_channel_count_registers_reg[5][4]/C
                         clock pessimism             -0.035     1.154    
    SLICE_X45Y90         FDRE (Hold_fdre_C_D)         0.071     1.225    MP1BD_i/axi_ppm_0/U0/axi_ppm_v1_0_S00_AXI_inst/s_channel_count_registers_reg[5][4]
  -------------------------------------------------------------------
                         required time                         -1.225    
                         arrival time                           1.269    
  -------------------------------------------------------------------
                         slack                                  0.044    

Slack (MET) :             0.048ns  (arrival time - required time)
  Source:                 MP1BD_i/axi_ppm_0/U0/axi_ppm_v1_0_S00_AXI_inst/s_channel_count_frame_save_reg[5][1]/C
                            (rising edge-triggered cell FDRE clocked by clk_fpga_0  {rise@0.000ns fall@5.000ns period=10.000ns})
  Destination:            MP1BD_i/axi_ppm_0/U0/axi_ppm_v1_0_S00_AXI_inst/s_channel_count_registers_reg[5][1]/D
                            (rising edge-triggered cell FDRE clocked by clk_fpga_0  {rise@0.000ns fall@5.000ns period=10.000ns})
  Path Group:             clk_fpga_0
  Path Type:              Hold (Min at Fast Process Corner)
  Requirement:            0.000ns  (clk_fpga_0 rise@0.000ns - clk_fpga_0 rise@0.000ns)
  Data Path Delay:        0.391ns  (logic 0.164ns (41.981%)  route 0.227ns (58.019%))
  Logic Levels:           0  
  Clock Path Skew:        0.267ns (DCD - SCD - CPR)
    Destination Clock Delay (DCD):    1.189ns
    Source Clock Delay      (SCD):    0.887ns
    Clock Pessimism Removal (CPR):    0.035ns

    Location             Delay type                Incr(ns)  Path(ns)    Netlist Resource(s)
  -------------------------------------------------------------------    -------------------
                         (clock clk_fpga_0 rise edge)
                                                      0.000     0.000 r  
    PS7_X0Y0             PS7                          0.000     0.000 r  MP1BD_i/processing_system7_0/inst/PS7_i/FCLKCLK[0]
                         net (fo=1, routed)           0.310     0.310    MP1BD_i/processing_system7_0/inst/FCLK_CLK_unbuffered[0]
    BUFGCTRL_X0Y16       BUFG (Prop_bufg_I_O)         0.026     0.336 r  MP1BD_i/processing_system7_0/inst/buffer_fclk_clk_0.FCLK_CLK_0_BUFG/O
                         net (fo=1746, routed)        0.551     0.887    MP1BD_i/axi_ppm_0/U0/axi_ppm_v1_0_S00_AXI_inst/s00_axi_aclk
    SLICE_X50Y90         FDRE                                         r  MP1BD_i/axi_ppm_0/U0/axi_ppm_v1_0_S00_AXI_inst/s_channel_count_frame_save_reg[5][1]/C
  -------------------------------------------------------------------    -------------------
    SLICE_X50Y90         FDRE (Prop_fdre_C_Q)         0.164     1.051 r  MP1BD_i/axi_ppm_0/U0/axi_ppm_v1_0_S00_AXI_inst/s_channel_count_frame_save_reg[5][1]/Q
                         net (fo=1, routed)           0.227     1.277    MP1BD_i/axi_ppm_0/U0/axi_ppm_v1_0_S00_AXI_inst/s_channel_count_frame_save[5]_5[1]
    SLICE_X45Y90         FDRE                                         r  MP1BD_i/axi_ppm_0/U0/axi_ppm_v1_0_S00_AXI_inst/s_channel_count_registers_reg[5][1]/D
  -------------------------------------------------------------------    -------------------

                         (clock clk_fpga_0 rise edge)
                                                      0.000     0.000 r  
    PS7_X0Y0             PS7                          0.000     0.000 r  MP1BD_i/processing_system7_0/inst/PS7_i/FCLKCLK[0]
                         net (fo=1, routed)           0.337     0.337    MP1BD_i/processing_system7_0/inst/FCLK_CLK_unbuffered[0]
    BUFGCTRL_X0Y16       BUFG (Prop_bufg_I_O)         0.029     0.366 r  MP1BD_i/processing_system7_0/inst/buffer_fclk_clk_0.FCLK_CLK_0_BUFG/O
                         net (fo=1746, routed)        0.823     1.189    MP1BD_i/axi_ppm_0/U0/axi_ppm_v1_0_S00_AXI_inst/s00_axi_aclk
    SLICE_X45Y90         FDRE                                         r  MP1BD_i/axi_ppm_0/U0/axi_ppm_v1_0_S00_AXI_inst/s_channel_count_registers_reg[5][1]/C
                         clock pessimism             -0.035     1.154    
    SLICE_X45Y90         FDRE (Hold_fdre_C_D)         0.075     1.229    MP1BD_i/axi_ppm_0/U0/axi_ppm_v1_0_S00_AXI_inst/s_channel_count_registers_reg[5][1]
  -------------------------------------------------------------------
                         required time                         -1.229    
                         arrival time                           1.277    
  -------------------------------------------------------------------
                         slack                                  0.048    

Slack (MET) :             0.052ns  (arrival time - required time)
  Source:                 MP1BD_i/ps7_0_axi_periph/xbar/inst/gen_sasd.crossbar_sasd_0/reg_slice_r/m_payload_i_reg[30]/C
                            (rising edge-triggered cell FDRE clocked by clk_fpga_0  {rise@0.000ns fall@5.000ns period=10.000ns})
  Destination:            MP1BD_i/ps7_0_axi_periph/s00_couplers/auto_pc/inst/gen_axilite.gen_b2s_conv.axilite_b2s/RD.r_channel_0/rd_data_fifo_0/memory_reg[31][27]_srl32/D
                            (rising edge-triggered cell SRLC32E clocked by clk_fpga_0  {rise@0.000ns fall@5.000ns period=10.000ns})
  Path Group:             clk_fpga_0
  Path Type:              Hold (Min at Fast Process Corner)
  Requirement:            0.000ns  (clk_fpga_0 rise@0.000ns - clk_fpga_0 rise@0.000ns)
  Data Path Delay:        0.251ns  (logic 0.141ns (56.174%)  route 0.110ns (43.826%))
  Logic Levels:           0  
  Clock Path Skew:        0.016ns (DCD - SCD - CPR)
    Destination Clock Delay (DCD):    1.192ns
    Source Clock Delay      (SCD):    0.895ns
    Clock Pessimism Removal (CPR):    0.281ns

    Location             Delay type                Incr(ns)  Path(ns)    Netlist Resource(s)
  -------------------------------------------------------------------    -------------------
                         (clock clk_fpga_0 rise edge)
                                                      0.000     0.000 r  
    PS7_X0Y0             PS7                          0.000     0.000 r  MP1BD_i/processing_system7_0/inst/PS7_i/FCLKCLK[0]
                         net (fo=1, routed)           0.310     0.310    MP1BD_i/processing_system7_0/inst/FCLK_CLK_unbuffered[0]
    BUFGCTRL_X0Y16       BUFG (Prop_bufg_I_O)         0.026     0.336 r  MP1BD_i/processing_system7_0/inst/buffer_fclk_clk_0.FCLK_CLK_0_BUFG/O
                         net (fo=1746, routed)        0.559     0.895    MP1BD_i/ps7_0_axi_periph/xbar/inst/gen_sasd.crossbar_sasd_0/reg_slice_r/aclk
    SLICE_X35Y99         FDRE                                         r  MP1BD_i/ps7_0_axi_periph/xbar/inst/gen_sasd.crossbar_sasd_0/reg_slice_r/m_payload_i_reg[30]/C
  -------------------------------------------------------------------    -------------------
    SLICE_X35Y99         FDRE (Prop_fdre_C_Q)         0.141     1.036 r  MP1BD_i/ps7_0_axi_periph/xbar/inst/gen_sasd.crossbar_sasd_0/reg_slice_r/m_payload_i_reg[30]/Q
                         net (fo=1, routed)           0.110     1.146    MP1BD_i/ps7_0_axi_periph/s00_couplers/auto_pc/inst/gen_axilite.gen_b2s_conv.axilite_b2s/RD.r_channel_0/rd_data_fifo_0/in[27]
    SLICE_X34Y98         SRLC32E                                      r  MP1BD_i/ps7_0_axi_periph/s00_couplers/auto_pc/inst/gen_axilite.gen_b2s_conv.axilite_b2s/RD.r_channel_0/rd_data_fifo_0/memory_reg[31][27]_srl32/D
  -------------------------------------------------------------------    -------------------

                         (clock clk_fpga_0 rise edge)
                                                      0.000     0.000 r  
    PS7_X0Y0             PS7                          0.000     0.000 r  MP1BD_i/processing_system7_0/inst/PS7_i/FCLKCLK[0]
                         net (fo=1, routed)           0.337     0.337    MP1BD_i/processing_system7_0/inst/FCLK_CLK_unbuffered[0]
    BUFGCTRL_X0Y16       BUFG (Prop_bufg_I_O)         0.029     0.366 r  MP1BD_i/processing_system7_0/inst/buffer_fclk_clk_0.FCLK_CLK_0_BUFG/O
                         net (fo=1746, routed)        0.826     1.192    MP1BD_i/ps7_0_axi_periph/s00_couplers/auto_pc/inst/gen_axilite.gen_b2s_conv.axilite_b2s/RD.r_channel_0/rd_data_fifo_0/aclk
    SLICE_X34Y98         SRLC32E                                      r  MP1BD_i/ps7_0_axi_periph/s00_couplers/auto_pc/inst/gen_axilite.gen_b2s_conv.axilite_b2s/RD.r_channel_0/rd_data_fifo_0/memory_reg[31][27]_srl32/CLK
                         clock pessimism             -0.281     0.911    
    SLICE_X34Y98         SRLC32E (Hold_srlc32e_CLK_D)
                                                      0.183     1.094    MP1BD_i/ps7_0_axi_periph/s00_couplers/auto_pc/inst/gen_axilite.gen_b2s_conv.axilite_b2s/RD.r_channel_0/rd_data_fifo_0/memory_reg[31][27]_srl32
  -------------------------------------------------------------------
                         required time                         -1.094    
                         arrival time                           1.146    
  -------------------------------------------------------------------
                         slack                                  0.052    

Slack (MET) :             0.056ns  (arrival time - required time)
  Source:                 MP1BD_i/axi_ppm_0/U0/axi_ppm_v1_0_S00_AXI_inst/capture_counter_reg[9]/C
                            (rising edge-triggered cell FDRE clocked by clk_fpga_0  {rise@0.000ns fall@5.000ns period=10.000ns})
  Destination:            MP1BD_i/axi_ppm_0/U0/axi_ppm_v1_0_S00_AXI_inst/s_channel_count_frame_save_reg[2][9]/D
                            (rising edge-triggered cell FDRE clocked by clk_fpga_0  {rise@0.000ns fall@5.000ns period=10.000ns})
  Path Group:             clk_fpga_0
  Path Type:              Hold (Min at Fast Process Corner)
  Requirement:            0.000ns  (clk_fpga_0 rise@0.000ns - clk_fpga_0 rise@0.000ns)
  Data Path Delay:        0.474ns  (logic 0.141ns (29.748%)  route 0.333ns (70.252%))
  Logic Levels:           0  
  Clock Path Skew:        0.348ns (DCD - SCD - CPR)
    Destination Clock Delay (DCD):    1.272ns
    Source Clock Delay      (SCD):    0.889ns
    Clock Pessimism Removal (CPR):    0.035ns

    Location             Delay type                Incr(ns)  Path(ns)    Netlist Resource(s)
  -------------------------------------------------------------------    -------------------
                         (clock clk_fpga_0 rise edge)
                                                      0.000     0.000 r  
    PS7_X0Y0             PS7                          0.000     0.000 r  MP1BD_i/processing_system7_0/inst/PS7_i/FCLKCLK[0]
                         net (fo=1, routed)           0.310     0.310    MP1BD_i/processing_system7_0/inst/FCLK_CLK_unbuffered[0]
    BUFGCTRL_X0Y16       BUFG (Prop_bufg_I_O)         0.026     0.336 r  MP1BD_i/processing_system7_0/inst/buffer_fclk_clk_0.FCLK_CLK_0_BUFG/O
                         net (fo=1746, routed)        0.553     0.889    MP1BD_i/axi_ppm_0/U0/axi_ppm_v1_0_S00_AXI_inst/s00_axi_aclk
    SLICE_X51Y98         FDRE                                         r  MP1BD_i/axi_ppm_0/U0/axi_ppm_v1_0_S00_AXI_inst/capture_counter_reg[9]/C
  -------------------------------------------------------------------    -------------------
    SLICE_X51Y98         FDRE (Prop_fdre_C_Q)         0.141     1.030 r  MP1BD_i/axi_ppm_0/U0/axi_ppm_v1_0_S00_AXI_inst/capture_counter_reg[9]/Q
                         net (fo=8, routed)           0.333     1.363    MP1BD_i/axi_ppm_0/U0/axi_ppm_v1_0_S00_AXI_inst/capture_counter[9]
    SLICE_X52Y103        FDRE                                         r  MP1BD_i/axi_ppm_0/U0/axi_ppm_v1_0_S00_AXI_inst/s_channel_count_frame_save_reg[2][9]/D
  -------------------------------------------------------------------    -------------------

                         (clock clk_fpga_0 rise edge)
                                                      0.000     0.000 r  
    PS7_X0Y0             PS7                          0.000     0.000 r  MP1BD_i/processing_system7_0/inst/PS7_i/FCLKCLK[0]
                         net (fo=1, routed)           0.337     0.337    MP1BD_i/processing_system7_0/inst/FCLK_CLK_unbuffered[0]
    BUFGCTRL_X0Y16       BUFG (Prop_bufg_I_O)         0.029     0.366 r  MP1BD_i/processing_system7_0/inst/buffer_fclk_clk_0.FCLK_CLK_0_BUFG/O
                         net (fo=1746, routed)        0.906     1.272    MP1BD_i/axi_ppm_0/U0/axi_ppm_v1_0_S00_AXI_inst/s00_axi_aclk
    SLICE_X52Y103        FDRE                                         r  MP1BD_i/axi_ppm_0/U0/axi_ppm_v1_0_S00_AXI_inst/s_channel_count_frame_save_reg[2][9]/C
                         clock pessimism             -0.035     1.237    
    SLICE_X52Y103        FDRE (Hold_fdre_C_D)         0.070     1.307    MP1BD_i/axi_ppm_0/U0/axi_ppm_v1_0_S00_AXI_inst/s_channel_count_frame_save_reg[2][9]
  -------------------------------------------------------------------
                         required time                         -1.307    
                         arrival time                           1.363    
  -------------------------------------------------------------------
                         slack                                  0.056    

Slack (MET) :             0.056ns  (arrival time - required time)
  Source:                 MP1BD_i/axi_ppm_0/U0/axi_ppm_v1_0_S00_AXI_inst/slv_reg3_reg[20]/C
                            (rising edge-triggered cell FDRE clocked by clk_fpga_0  {rise@0.000ns fall@5.000ns period=10.000ns})
  Destination:            MP1BD_i/axi_ppm_0/U0/axi_ppm_v1_0_S00_AXI_inst/slv_reg3_reg[24]/D
                            (rising edge-triggered cell FDRE clocked by clk_fpga_0  {rise@0.000ns fall@5.000ns period=10.000ns})
  Path Group:             clk_fpga_0
  Path Type:              Hold (Min at Fast Process Corner)
  Requirement:            0.000ns  (clk_fpga_0 rise@0.000ns - clk_fpga_0 rise@0.000ns)
  Data Path Delay:        0.510ns  (logic 0.392ns (76.853%)  route 0.118ns (23.147%))
  Logic Levels:           2  (CARRY4=2)
  Clock Path Skew:        0.349ns (DCD - SCD - CPR)
    Destination Clock Delay (DCD):    1.277ns
    Source Clock Delay      (SCD):    0.893ns
    Clock Pessimism Removal (CPR):    0.035ns

    Location             Delay type                Incr(ns)  Path(ns)    Netlist Resource(s)
  -------------------------------------------------------------------    -------------------
                         (clock clk_fpga_0 rise edge)
                                                      0.000     0.000 r  
    PS7_X0Y0             PS7                          0.000     0.000 r  MP1BD_i/processing_system7_0/inst/PS7_i/FCLKCLK[0]
                         net (fo=1, routed)           0.310     0.310    MP1BD_i/processing_system7_0/inst/FCLK_CLK_unbuffered[0]
    BUFGCTRL_X0Y16       BUFG (Prop_bufg_I_O)         0.026     0.336 r  MP1BD_i/processing_system7_0/inst/buffer_fclk_clk_0.FCLK_CLK_0_BUFG/O
                         net (fo=1746, routed)        0.557     0.893    MP1BD_i/axi_ppm_0/U0/axi_ppm_v1_0_S00_AXI_inst/s00_axi_aclk
    SLICE_X45Y99         FDRE                                         r  MP1BD_i/axi_ppm_0/U0/axi_ppm_v1_0_S00_AXI_inst/slv_reg3_reg[20]/C
  -------------------------------------------------------------------    -------------------
    SLICE_X45Y99         FDRE (Prop_fdre_C_Q)         0.141     1.034 r  MP1BD_i/axi_ppm_0/U0/axi_ppm_v1_0_S00_AXI_inst/slv_reg3_reg[20]/Q
                         net (fo=2, routed)           0.117     1.151    MP1BD_i/axi_ppm_0/U0/axi_ppm_v1_0_S00_AXI_inst/slv_reg3_reg[20]
    SLICE_X45Y99         CARRY4 (Prop_carry4_S[0]_CO[3])
                                                      0.197     1.348 r  MP1BD_i/axi_ppm_0/U0/axi_ppm_v1_0_S00_AXI_inst/slv_reg3_reg[20]_i_1/CO[3]
                         net (fo=1, routed)           0.001     1.349    MP1BD_i/axi_ppm_0/U0/axi_ppm_v1_0_S00_AXI_inst/slv_reg3_reg[20]_i_1_n_0
    SLICE_X45Y100        CARRY4 (Prop_carry4_CI_O[0])
                                                      0.054     1.403 r  MP1BD_i/axi_ppm_0/U0/axi_ppm_v1_0_S00_AXI_inst/slv_reg3_reg[24]_i_1/O[0]
                         net (fo=1, routed)           0.000     1.403    MP1BD_i/axi_ppm_0/U0/axi_ppm_v1_0_S00_AXI_inst/slv_reg3_reg[24]_i_1_n_7
    SLICE_X45Y100        FDRE                                         r  MP1BD_i/axi_ppm_0/U0/axi_ppm_v1_0_S00_AXI_inst/slv_reg3_reg[24]/D
  -------------------------------------------------------------------    -------------------

                         (clock clk_fpga_0 rise edge)
                                                      0.000     0.000 r  
    PS7_X0Y0             PS7                          0.000     0.000 r  MP1BD_i/processing_system7_0/inst/PS7_i/FCLKCLK[0]
                         net (fo=1, routed)           0.337     0.337    MP1BD_i/processing_system7_0/inst/FCLK_CLK_unbuffered[0]
    BUFGCTRL_X0Y16       BUFG (Prop_bufg_I_O)         0.029     0.366 r  MP1BD_i/processing_system7_0/inst/buffer_fclk_clk_0.FCLK_CLK_0_BUFG/O
                         net (fo=1746, routed)        0.911     1.277    MP1BD_i/axi_ppm_0/U0/axi_ppm_v1_0_S00_AXI_inst/s00_axi_aclk
    SLICE_X45Y100        FDRE                                         r  MP1BD_i/axi_ppm_0/U0/axi_ppm_v1_0_S00_AXI_inst/slv_reg3_reg[24]/C
                         clock pessimism             -0.035     1.242    
    SLICE_X45Y100        FDRE (Hold_fdre_C_D)         0.105     1.347    MP1BD_i/axi_ppm_0/U0/axi_ppm_v1_0_S00_AXI_inst/slv_reg3_reg[24]
  -------------------------------------------------------------------
                         required time                         -1.347    
                         arrival time                           1.403    
  -------------------------------------------------------------------
                         slack                                  0.056    

Slack (MET) :             0.066ns  (arrival time - required time)
  Source:                 MP1BD_i/axi_ppm_0/U0/axi_ppm_v1_0_S00_AXI_inst/s_channel_count_frame_save_reg[1][26]/C
                            (rising edge-triggered cell FDRE clocked by clk_fpga_0  {rise@0.000ns fall@5.000ns period=10.000ns})
  Destination:            MP1BD_i/axi_ppm_0/U0/axi_ppm_v1_0_S00_AXI_inst/s_channel_count_registers_reg[1][26]/D
                            (rising edge-triggered cell FDRE clocked by clk_fpga_0  {rise@0.000ns fall@5.000ns period=10.000ns})
  Path Group:             clk_fpga_0
  Path Type:              Hold (Min at Fast Process Corner)
  Requirement:            0.000ns  (clk_fpga_0 rise@0.000ns - clk_fpga_0 rise@0.000ns)
  Data Path Delay:        0.313ns  (logic 0.141ns (45.045%)  route 0.172ns (54.955%))
  Logic Levels:           0  
  Clock Path Skew:        0.181ns (DCD - SCD - CPR)
    Destination Clock Delay (DCD):    1.191ns
    Source Clock Delay      (SCD):    0.975ns
    Clock Pessimism Removal (CPR):    0.035ns

    Location             Delay type                Incr(ns)  Path(ns)    Netlist Resource(s)
  -------------------------------------------------------------------    -------------------
                         (clock clk_fpga_0 rise edge)
                                                      0.000     0.000 r  
    PS7_X0Y0             PS7                          0.000     0.000 r  MP1BD_i/processing_system7_0/inst/PS7_i/FCLKCLK[0]
                         net (fo=1, routed)           0.310     0.310    MP1BD_i/processing_system7_0/inst/FCLK_CLK_unbuffered[0]
    BUFGCTRL_X0Y16       BUFG (Prop_bufg_I_O)         0.026     0.336 r  MP1BD_i/processing_system7_0/inst/buffer_fclk_clk_0.FCLK_CLK_0_BUFG/O
                         net (fo=1746, routed)        0.639     0.975    MP1BD_i/axi_ppm_0/U0/axi_ppm_v1_0_S00_AXI_inst/s00_axi_aclk
    SLICE_X40Y101        FDRE                                         r  MP1BD_i/axi_ppm_0/U0/axi_ppm_v1_0_S00_AXI_inst/s_channel_count_frame_save_reg[1][26]/C
  -------------------------------------------------------------------    -------------------
    SLICE_X40Y101        FDRE (Prop_fdre_C_Q)         0.141     1.116 r  MP1BD_i/axi_ppm_0/U0/axi_ppm_v1_0_S00_AXI_inst/s_channel_count_frame_save_reg[1][26]/Q
                         net (fo=1, routed)           0.172     1.288    MP1BD_i/axi_ppm_0/U0/axi_ppm_v1_0_S00_AXI_inst/s_channel_count_frame_save[1]_1[26]
    SLICE_X39Y99         FDRE                                         r  MP1BD_i/axi_ppm_0/U0/axi_ppm_v1_0_S00_AXI_inst/s_channel_count_registers_reg[1][26]/D
  -------------------------------------------------------------------    -------------------

                         (clock clk_fpga_0 rise edge)
                                                      0.000     0.000 r  
    PS7_X0Y0             PS7                          0.000     0.000 r  MP1BD_i/processing_system7_0/inst/PS7_i/FCLKCLK[0]
                         net (fo=1, routed)           0.337     0.337    MP1BD_i/processing_system7_0/inst/FCLK_CLK_unbuffered[0]
    BUFGCTRL_X0Y16       BUFG (Prop_bufg_I_O)         0.029     0.366 r  MP1BD_i/processing_system7_0/inst/buffer_fclk_clk_0.FCLK_CLK_0_BUFG/O
                         net (fo=1746, routed)        0.825     1.191    MP1BD_i/axi_ppm_0/U0/axi_ppm_v1_0_S00_AXI_inst/s00_axi_aclk
    SLICE_X39Y99         FDRE                                         r  MP1BD_i/axi_ppm_0/U0/axi_ppm_v1_0_S00_AXI_inst/s_channel_count_registers_reg[1][26]/C
                         clock pessimism             -0.035     1.156    
    SLICE_X39Y99         FDRE (Hold_fdre_C_D)         0.066     1.222    MP1BD_i/axi_ppm_0/U0/axi_ppm_v1_0_S00_AXI_inst/s_channel_count_registers_reg[1][26]
  -------------------------------------------------------------------
                         required time                         -1.222    
                         arrival time                           1.288    
  -------------------------------------------------------------------
                         slack                                  0.066    





Pulse Width Checks
--------------------------------------------------------------------------------------
Clock Name:         clk_fpga_0
Waveform(ns):       { 0.000 5.000 }
Period(ns):         10.000
Sources:            { MP1BD_i/processing_system7_0/inst/PS7_i/FCLKCLK[0] }

Check Type        Corner  Lib Pin      Reference Pin  Required(ns)  Actual(ns)  Slack(ns)  Location        Pin
Min Period        n/a     BUFG/I       n/a            2.155         10.000      7.845      BUFGCTRL_X0Y16  MP1BD_i/processing_system7_0/inst/buffer_fclk_clk_0.FCLK_CLK_0_BUFG/I
Min Period        n/a     FDSE/C       n/a            1.000         10.000      9.000      SLICE_X39Y94    MP1BD_i/axi_gpio_0/U0/AXI_LITE_IPIF_I/I_SLAVE_ATTACHMENT/FSM_onehot_state_reg[0]/C
Min Period        n/a     FDRE/C       n/a            1.000         10.000      9.000      SLICE_X39Y94    MP1BD_i/axi_gpio_0/U0/AXI_LITE_IPIF_I/I_SLAVE_ATTACHMENT/FSM_onehot_state_reg[1]/C
Min Period        n/a     FDRE/C       n/a            1.000         10.000      9.000      SLICE_X39Y94    MP1BD_i/axi_gpio_0/U0/AXI_LITE_IPIF_I/I_SLAVE_ATTACHMENT/FSM_onehot_state_reg[2]/C
Min Period        n/a     FDRE/C       n/a            1.000         10.000      9.000      SLICE_X39Y94    MP1BD_i/axi_gpio_0/U0/AXI_LITE_IPIF_I/I_SLAVE_ATTACHMENT/FSM_onehot_state_reg[3]/C
Min Period        n/a     FDRE/C       n/a            1.000         10.000      9.000      SLICE_X38Y93    MP1BD_i/axi_gpio_0/U0/AXI_LITE_IPIF_I/I_SLAVE_ATTACHMENT/INCLUDE_DPHASE_TIMER.dpto_cnt_reg[0]/C
Min Period        n/a     FDRE/C       n/a            1.000         10.000      9.000      SLICE_X38Y93    MP1BD_i/axi_gpio_0/U0/AXI_LITE_IPIF_I/I_SLAVE_ATTACHMENT/INCLUDE_DPHASE_TIMER.dpto_cnt_reg[1]/C
Min Period        n/a     FDRE/C       n/a            1.000         10.000      9.000      SLICE_X38Y93    MP1BD_i/axi_gpio_0/U0/AXI_LITE_IPIF_I/I_SLAVE_ATTACHMENT/INCLUDE_DPHASE_TIMER.dpto_cnt_reg[2]/C
Min Period        n/a     FDRE/C       n/a            1.000         10.000      9.000      SLICE_X38Y93    MP1BD_i/axi_gpio_0/U0/AXI_LITE_IPIF_I/I_SLAVE_ATTACHMENT/INCLUDE_DPHASE_TIMER.dpto_cnt_reg[3]/C
Min Period        n/a     FDRE/C       n/a            1.000         10.000      9.000      SLICE_X39Y91    MP1BD_i/axi_gpio_0/U0/AXI_LITE_IPIF_I/I_SLAVE_ATTACHMENT/I_DECODER/Bus_RNW_reg_reg/C
Low Pulse Width   Fast    SRLC32E/CLK  n/a            0.980         5.000       4.020      SLICE_X34Y96    MP1BD_i/ps7_0_axi_periph/s00_couplers/auto_pc/inst/gen_axilite.gen_b2s_conv.axilite_b2s/RD.r_channel_0/rd_data_fifo_0/memory_reg[31][17]_srl32/CLK
Low Pulse Width   Fast    SRLC32E/CLK  n/a            0.980         5.000       4.020      SLICE_X34Y96    MP1BD_i/ps7_0_axi_periph/s00_couplers/auto_pc/inst/gen_axilite.gen_b2s_conv.axilite_b2s/RD.r_channel_0/rd_data_fifo_0/memory_reg[31][18]_srl32/CLK
Low Pulse Width   Fast    SRLC32E/CLK  n/a            0.980         5.000       4.020      SLICE_X34Y98    MP1BD_i/ps7_0_axi_periph/s00_couplers/auto_pc/inst/gen_axilite.gen_b2s_conv.axilite_b2s/RD.r_channel_0/rd_data_fifo_0/memory_reg[31][19]_srl32/CLK
Low Pulse Width   Fast    SRLC32E/CLK  n/a            0.980         5.000       4.020      SLICE_X34Y98    MP1BD_i/ps7_0_axi_periph/s00_couplers/auto_pc/inst/gen_axilite.gen_b2s_conv.axilite_b2s/RD.r_channel_0/rd_data_fifo_0/memory_reg[31][20]_srl32/CLK
Low Pulse Width   Fast    SRLC32E/CLK  n/a            0.980         5.000       4.020      SLICE_X34Y98    MP1BD_i/ps7_0_axi_periph/s00_couplers/auto_pc/inst/gen_axilite.gen_b2s_conv.axilite_b2s/RD.r_channel_0/rd_data_fifo_0/memory_reg[31][21]_srl32/CLK
Low Pulse Width   Fast    SRLC32E/CLK  n/a            0.980         5.000       4.020      SLICE_X34Y96    MP1BD_i/ps7_0_axi_periph/s00_couplers/auto_pc/inst/gen_axilite.gen_b2s_conv.axilite_b2s/RD.r_channel_0/rd_data_fifo_0/memory_reg[31][22]_srl32/CLK
Low Pulse Width   Fast    SRLC32E/CLK  n/a            0.980         5.000       4.020      SLICE_X34Y100   MP1BD_i/ps7_0_axi_periph/s00_couplers/auto_pc/inst/gen_axilite.gen_b2s_conv.axilite_b2s/RD.r_channel_0/rd_data_fifo_0/memory_reg[31][23]_srl32/CLK
Low Pulse Width   Fast    SRLC32E/CLK  n/a            0.980         5.000       4.020      SLICE_X34Y100   MP1BD_i/ps7_0_axi_periph/s00_couplers/auto_pc/inst/gen_axilite.gen_b2s_conv.axilite_b2s/RD.r_channel_0/rd_data_fifo_0/memory_reg[31][24]_srl32/CLK
Low Pulse Width   Fast    SRLC32E/CLK  n/a            0.980         5.000       4.020      SLICE_X30Y99    MP1BD_i/ps7_0_axi_periph/s00_couplers/auto_pc/inst/gen_axilite.gen_b2s_conv.axilite_b2s/RD.r_channel_0/rd_data_fifo_0/memory_reg[31][25]_srl32/CLK
Low Pulse Width   Fast    SRLC32E/CLK  n/a            0.980         5.000       4.020      SLICE_X30Y97    MP1BD_i/ps7_0_axi_periph/s00_couplers/auto_pc/inst/gen_axilite.gen_b2s_conv.axilite_b2s/RD.r_channel_0/rd_data_fifo_0/memory_reg[31][26]_srl32/CLK
High Pulse Width  Slow    SRLC32E/CLK  n/a            0.980         5.000       4.020      SLICE_X34Y96    MP1BD_i/ps7_0_axi_periph/s00_couplers/auto_pc/inst/gen_axilite.gen_b2s_conv.axilite_b2s/RD.r_channel_0/rd_data_fifo_0/memory_reg[31][17]_srl32/CLK
High Pulse Width  Slow    SRLC32E/CLK  n/a            0.980         5.000       4.020      SLICE_X34Y96    MP1BD_i/ps7_0_axi_periph/s00_couplers/auto_pc/inst/gen_axilite.gen_b2s_conv.axilite_b2s/RD.r_channel_0/rd_data_fifo_0/memory_reg[31][18]_srl32/CLK
High Pulse Width  Slow    SRLC32E/CLK  n/a            0.980         5.000       4.020      SLICE_X34Y98    MP1BD_i/ps7_0_axi_periph/s00_couplers/auto_pc/inst/gen_axilite.gen_b2s_conv.axilite_b2s/RD.r_channel_0/rd_data_fifo_0/memory_reg[31][19]_srl32/CLK
High Pulse Width  Slow    SRLC32E/CLK  n/a            0.980         5.000       4.020      SLICE_X34Y98    MP1BD_i/ps7_0_axi_periph/s00_couplers/auto_pc/inst/gen_axilite.gen_b2s_conv.axilite_b2s/RD.r_channel_0/rd_data_fifo_0/memory_reg[31][20]_srl32/CLK
High Pulse Width  Slow    SRLC32E/CLK  n/a            0.980         5.000       4.020      SLICE_X34Y98    MP1BD_i/ps7_0_axi_periph/s00_couplers/auto_pc/inst/gen_axilite.gen_b2s_conv.axilite_b2s/RD.r_channel_0/rd_data_fifo_0/memory_reg[31][21]_srl32/CLK
High Pulse Width  Slow    SRLC32E/CLK  n/a            0.980         5.000       4.020      SLICE_X34Y96    MP1BD_i/ps7_0_axi_periph/s00_couplers/auto_pc/inst/gen_axilite.gen_b2s_conv.axilite_b2s/RD.r_channel_0/rd_data_fifo_0/memory_reg[31][22]_srl32/CLK
High Pulse Width  Slow    SRLC32E/CLK  n/a            0.980         5.000       4.020      SLICE_X34Y100   MP1BD_i/ps7_0_axi_periph/s00_couplers/auto_pc/inst/gen_axilite.gen_b2s_conv.axilite_b2s/RD.r_channel_0/rd_data_fifo_0/memory_reg[31][23]_srl32/CLK
High Pulse Width  Slow    SRLC32E/CLK  n/a            0.980         5.000       4.020      SLICE_X34Y100   MP1BD_i/ps7_0_axi_periph/s00_couplers/auto_pc/inst/gen_axilite.gen_b2s_conv.axilite_b2s/RD.r_channel_0/rd_data_fifo_0/memory_reg[31][24]_srl32/CLK
High Pulse Width  Slow    SRLC32E/CLK  n/a            0.980         5.000       4.020      SLICE_X34Y98    MP1BD_i/ps7_0_axi_periph/s00_couplers/auto_pc/inst/gen_axilite.gen_b2s_conv.axilite_b2s/RD.r_channel_0/rd_data_fifo_0/memory_reg[31][27]_srl32/CLK
High Pulse Width  Slow    SRLC32E/CLK  n/a            0.980         5.000       4.020      SLICE_X34Y93    MP1BD_i/ps7_0_axi_periph/s00_couplers/auto_pc/inst/gen_axilite.gen_b2s_conv.axilite_b2s/RD.r_channel_0/rd_data_fifo_0/memory_reg[31][8]_srl32/CLK



